string_1,string_2
EVqOX,EVqaX
uzNUA,uWNUA
NxJgl,TxJgl
gPNNU,gPNXU
OSwuT,OnwuT
pjlbt,pjlbO
rAToB,rAgoB
vzHNR,vzHlR
MXSFL,MXSFf
bnMyv,bhMyv
wHaKiVxvXk,wHaDiVxvuk
lJTyNkNLTB,lJTyNkNwIB
LtVWJvBDfv,LtVZJvBFfv
zXEIXLBpKi,SXEIXLBpQi
skgHRKndOk,skgHRHndpk
rhhGmvgDXg,whhGmvgDtg
cPAlcBjbuX,cPAlJljbuX
HLiyqojgeS,VLiSqojgeS
jhPTjntfTq,jhPGjnyfTq
uEZYdKaVMz,ucZLdKaVMz
hoIwbDnhAVEkAZb,aoIRbDnhAVvkAZb
hOYTxMLYowyyqFo,hOYPzMLYowyyqFo
JIGPDSJNEqfddaK,JVgPDSJyEqfddaK
FWhYHFNVqiDyKxa,FWhYHFNgqiTyKxx
uzZAGbWbDaqGIRu,uzZAGbXbDaqSIRd
exYoimylBxQOaUq,exYPimyiBEQOaUq
plrYVqYxSjHSmmA,plrYVqgxtjHSmmd
nAykEyfpOfvfckG,nAykRyuqOfvfckG
ApyDXEoDZRcaoHV,lpyDXEoDZRcSoHy
iiynpYWeiSRyWyK,iiyIpLWeiSRHWyK
fNgZIKHyIugxxFXVRThx,fNgXIKLyIugNxFXVRTvx
HommqDjaNaIOcZrOrmKh,CommADjauabOcZrOrmKh
LamjIsWxmUbOibqAGbtB,LaNnIszxmUbOibqAzbtB
jCQooMVMXmZMxScZBZeS,jCmooMVMXmZMxScZuZeq
bNXYibhDLiyNMAQsRhPi,DNXYzbBDLiyNMwQsRhPi
HuBPqeJKkqnYvfXCdIWo,HGBPqeJKEqnYvfzCdIWH
sbspHTWIBNbCpxPoLEKa,sbspHTWviNbCpxBoWEKa
NCedOYvoQRPOfRSHDIBb,NCidOYvoQRPOfHtHDIBb
CFdmRmpefbHgmllKFHfi,CFdmRmpefbHgmlzFFpfi
MFPUqRBlBTKmvyQuJgSh,MFsdqtxlBTKmvyQuJgSh
HIargCBYQCvcmcDedaFmlZeaN,HIargEBaQCqcmcDgdEFmlZeaN
UFNztOGmCxteQRPvcizoKjeOr,OpNztOGmCxteQRcdciCoKjeOr
jbrfTOvzKMoqQdOcXQlCXfahl,pbrfThvzKMoqQdOcXSlCmfwhl
gxGrTRbsveJBXYNHKIsiyiAUv,FxGrTRbsvLJBXYNSKIsiliAUv
VndOvFOzbtmAyPAlxymAOavfN,CbdOvFOzotmAyPAlxsmAOpvfN
oRsGZFAfSfbkgZNoblSybAjcN,fRsGZFAfSpWkgZNoblSybAjxN
zZHMGHhHwjOOqXKxZInOPijKc,zZHMGHbHwjOOqXKxVInOPijKc
FIGEFDnMcbSXaoKnVMKnmVqEx,dIGEFDnMcbSXaoKnVMOnmVqEX
VHiXkcrOCTlWgwkICMzfmagcF,VHimAcrOCTlWgwkICMzfmabcF
yqeOGtCHhJUaOjnojYqAyBuSs,yqeORtCHhJaaOTjojYqAyBuSK
CZXxgyNMMzVZBNucozCfMghkNxlWvV,CZXxAyNMMfVZBNucQzufMghkNxlWzV
fistPsWSHeGzTTaoASduqCvFxnuFkw,fiBtPsWSHeGlMTarASduFCvFynuFkw
btEPvYopQjGlmuJhvtfsQqtsbfTicq,btEPvYtpQjLlmuJhBtfgoqLsbfTicq
wyilIOhqQvZOofbPbzzTApmyQXERvz,wOilIvhqQhZXofYPTzzTApmyQXERvz
dHIxPRfYTUiiKwcKNcBPURDFKylzbo,sjIxPRfYTUiiPwcKNcqPUROFKylabo
RXgLpsGviyphJzFixdZkdnTUGnLtYi,RSgLpsGviMphJzFixdZkYnTUynLtYH
JrSbEKrLWLCesgKHnmuicanPTrkixs,JrSbOKrKWLCesgKHnmuqcanPTrkiOs
tVPIipFifZyNuoKxWnBGImDlJiUXln,tSPIipFifZyNmoKxWnBGItDmJiUXBt
BkDZJRGxLzZZQUBdsUkkBfMeXBEbQD,BkFZBRAxLzZZQUJdswkkBfMeXBEbQD
QIIkDjBrkoFIbecwaiJShNLFYMKlVp,QIIkDjSrkoFIbekXaiJShNnFYMKlVp
dSwqDajtVuqxKhkHxAZIHUIuEGYiZUNJDNU,dSXqDZjtVuqxKhRHTAfIsUIuEGYiZUNJDNr
dpOVFUBpMefoKVVTMzYgcqKBaHepzcjnZQH,dpOVKUBpMIzozGVTMzYgcqKBaHenzcjSZQH
OBWvOhqEVQmmOmebtYftwCYqTvpMqELqInH,OBWvLhqEtQmmOmebtIftwCYqPvpMqELqQnH
tVsgeLVDgWeBPDMUGtLCbWTIRFyGekgCwCV,PVsgeLVDgWeBPDMsGMbCbWTnRVWGekgCwCV
ZckiDeCqmobegZeqbQEiJAacYipeHaVomPF,ZcqiDeCqmoEegreqbQEVJAacYipeHaXiQPF
hbWjHpmkZXzzigvDbXWVTElvxsVoUgPdHFS,hKWFHpBkZXzzigvDbXWVTYlvxGVoUgPzHFS
bEvChAyipjArfuscsScTzEAptwMxDDVABFu,bLvChAyipjArfuscswcTGEAptwMxDDVuBFu
eadnrqBMxAZbIHiaGozIOjGWcAasCrYniUI,DbdnrqBMxAZZIHiaGUzIOjUWcAasarYnnUI
kxLUeBGZEhSeJdEPpPaomJcqhvnEjMCHFJS,kQLUeBGZlhSeJdGPpPaomJcqhVnbjMCHcJa
UXhKUJJAUFAJMlScBTDkggsTmlTmgwuubIi,UZhKUJJAhFtJMlocBTDkggsTqlPmgwuubFi
icvSCDosnEbywhMcyOYOiQgCnLkoYclaJUgnrYGd,icvyCfolnEZywhMcyOYOiQgCcLkSYclasUgnrYGd
VnAusATxKrpeHUHUvInsusqHMYscxunmUtKfnhWf,VnAusATxKrpWuUHUvVnslsqgMYscxunmftKfnJWk
XThzVnNeGcKueVboAbdcjwrVnniCaEVoSovSLJKF,XThSVnPeGcKueVboAbechwrVnniCaEVoSoaSLJeF
PclVLdXvNtzATmtaKlxxMoBqeiKfWSQvkooTyLqc,PclVidZvNtzCTmzaKlxxMoBqecKpWSyvkooTyLqc
tOfIuodNpMgsrIHIbrcExFKPStTKkHYAYvGQqvLT,tOmDuozNpMgsrIHIVrcExFKPStTKkHYAYBGQChLT
qXXjRrkUlIVebLzaEfqXPesYxLbSVncqRzoZfcRC,qXljRrkUlIVezLzaOfqXPjsYxLBSVncqRzoZccJC
UQJhiyIlytaLVVDsnEqWpyrBuqMomddtJEXvxYcz,OkJhiyIUAtaLPVDsnhqWpyrBuqqomddtJEXvxYcz
zQkPXMRszeIJrPMZUdeMYpsLyIFHuGqwdiNeXJXV,zQkPXMRsIeVJrPMeUReMYplLyIFHuGrwdiNBXJfV
UIILpCHtDvvMPXseeIqOAouODpilVYUqJtZJbBVd,UIIipTHtDvmMPXseeIqOAoMODpilVYUqJtVAbBVd
IVYjpLONUyPJiBKoyVmUstprqpdHiCIBwpFxKUZY,IVYjpLOZUyPJiBKoyVwlYtprSpMHiCIBwpFJKaZY
DyMJLogSaVVDCTFvbWDEPnmBjgqyGBsQleaZvquTPJwZK,DyMJsogSvVVDCTFvbWDEPWmsjgqPGBsQleaLuquTPJwaK
AsFbNZAxwovGpjztuDljKbWtBXDbdVxURkWuAvkqjQGYE,gsFbNZAxwovArjztuDljybWtBXDSdVVSRkWuAvkPjQGYE
nkzDzJZrwSWNglELOTxtnigLdZyRiNRbagccNgtfHsiDk,nkzDzJZrwSaNglELOTPtJigLdZyRixJbagEcNgtfHsiDx
XLMNLIhpKMYktlnOfIKUIUitserfvAUpykzHayppCglsF,XLMgrIhpKMYktlnOfIKUIUitseTfvFUpykzHaypVCglRF
QYzNVAvqyjpwTSneCgADYdkKsojgdEwNVGjwDAnGaBMfd,QYzNVUvqyjpwTSneCgjDYdhKsojgdEwNhGjpSAnGWBMfd
nekzPqJjfVNZINRwusKABigvedviaBKxTXVmiTHwwsHDy,ngFiPLJjfVAZINzwusKLBigvedviaBKmTXVmiXHwwsHDy
UGuNXubyfIfiWrSreQiVKIVKrXYFltsOyWCFJOkHgKPXA,UGuNXhbyfIhiWJSreQiVKCVerXYvptsOyWUFJOkHgKPXA
OVUCeeNjsrjroSRAPEUzkRwQgyWrIviNgoylBxGvgXFIP,OVUCmeNjsrjrHnRMPEUzkRwQgyWrIviNToylzxGCgXSIP
mVreJKSqoAerlFAvbBttvfhAOkFAZMlWXbmxKPqIkbfPM,mVreJKSqoAerlFAvZaitvuhARkFAZMlWXbmxKPfIkbfPo
rDZndBMGSmkBKinGkTYpYGNftWiynsNXOVWDYSNZjuqTX,rDZndBMADmkBKinVkThpYGNfUWiylsnXOVWDqSNZjuqTX
sctGVxZBKEfcxziMTAGlWwOiNRtAVDGXgZjfMwLHOmcKRAFEuI,sbtGVxZBBBfcDzWMTAGFWwOiNstAVDGXgZjNxwLHOmcKRAFquI
VadWExvEmUbSwWHEkyKrfZdyiJjVVUKmFCiyBULzAocQRUybPk,VadWExvEmUbMwWHEkaKrfZdyiJjVqUKmhCuyBULzUocfRaygPk
WQzOHFtgokAACwDxKtHFnBODMguubFVMdVUJysNJSDkdufbiAx,WYCOHFKgobuACwUxKtHFnBODMguukFkMdVUJysNMSDkiufbiAx
YblEGrYDvsRyHTTacXKkxocliZsNdaVatRfzBOGzBtaCbuoMyr,YblaGrYDMsRyHTEacXKkxocliZgctazFVRfzBOGzBtaCbuoMyr
RKKNadiApBJSqkGEWdEYLiNtvSpfAwvvHsxnCnTVswwqzQKfCJ,RKMsadiARBJSqkGEMdEYLiNCvSpfAwvvHsnnCnTVGwdqzQKuCJ
rbYcauxaxFHjQUHOdkcPRmLyRXBWvycXPLLTOhDXVKRaBjvwQW,rJYcauxanFHjvUHqdkcPRmdyRXBWvycXGLLTOhDXVKRaBQvlgr
fXfNDWsfjRLXailJUDwlPfUmlghVVFwXuqIStrckAwCnCESaSn,fXfNDWspjYLxailJUDwqlmUmlBhVVFwXuqCStrckAwCnEESaSn
keLrVPhwGCIekXVLnhwvMkWYvRYeBGzQRdDPPOZqyhQJyjynhV,kdLrVthwGCZekXULnhwvMkWYvRYeBGzQRdDPSOZqhhQJtjyMhV
HDaNkbHQLMCEguZPNXYZcUcCaSUUZrYyoYgJUzjwiWLmzgxbTB,HdaNhbHQLMCmguZPNXMZcUKBaSUUZrYyogdJUzjwiWLmzgxbTB
wpYyaeOJrDNpVHWNOOlfMxhbLbfEVSoKSZXHnsnATjFigAepxS,wpYyagzJrtNpVaWNOOlfMZhbLHfEVSoKaZXdnsnATjFigAQpxS
UOmmIRfcdIntIpXdhHMWsiYOyJwxpilnFvipbJGhrRPuPKpRzrvDVwi,UOmeIRrcPIDtIpXdhHMWsieOyJwxpilnFsipbJGhZRPuPKpRQrOKVwi
EkqorYMhVdxFUzPTLtFvwPnlFezucyAFWaPAhWIzfKEskAJsFFfsvPf,EkqotYMhVdxFUzPTbtFvKtnuFeJucyAFWmPghLIzfKEskAJsQFfstPf
fymfLbAFWxdKNvODIngxoopVEaTjwrAtHunMuWuJUqFMofFQPkSQEyJ,myMeLbAFWMdrNvODtngjoopVEaWjwrAtHunMuWuJDqFMofFQPkuQEyJ
bPqiSFDOCAewmLYGcUMDpipTbFbgflZMeVKmCaCmyHtpIRybjltFHuX,bPqiSFDOjJfwmLYGcUMDTipTbFbgflZSeVKmMPCmyHtpIRybLltFHKX
tblZhpqIUFsJmvtyoZHHMsTTaZXQgJLDIXJmaNxOSvYtDkXWHMPdxCq,tblZhpqIUgsJmvttoZHHMsTTaZXPgJLDIXJEaNxOSxHtDkXaHPPsxGq
LiSBLtmOcwdERviEerqmnVQfcNZxlUkqzxabhnbePjRyFsvOCjnLDpU,LiSBLtmbcCdERviEerqJnVQfcNZhTUkCzxaxhnbePjtyFsvOCjnLDwb
HeDLUQkVTaFdxCinReGuHjoSDXGdRyvHAeYyYLSWGmLBwTUumNbzgkE,HeDLHQkCTaFdxCZnReGuHjoSDXGdRyvHAeYyCLsCYmLBwTUumNbzgSE
YzekvmBXMAKtWEntKqWXSznUwJriKAFKneUmrZAYrjhcWRmOMZvkjcv,YzekvmBXMmKtWEntKqWXdztUwJoiKtFKneUmrZiYrurcWRmqMZvkjcv
QWiMZlpwMDKYuDDJZnlQhMyJZEGBjcMOXpZajCIyScqtiqSPTkZdpRG,BWiMZlpwMDKYuDDJyYlQhMSJTEGBjcMOXrwajQIyScqtiqtPTkZPpRG
TBzJHkEsZlqhEOZEVmDLyNoCXatEptfFofCGRHhsanLsbHuLGmSlKXR,dczJHVEsZlqhEFZEVmDLyNoCyatWptftofCGhHhsWnLsbpWLGmSlKXR
YOEbwyuEUcZvwANsUeBWFbGEubqUHTwlgMmSvYPtPzhcMeUDKXZCjlLxafEF,YOEbvPHEUcWvwANsUjBWTbGEubqUjfwlgMmMvYPwPzhcMeUSKXZCjlLxafEF
JlbJwefoBJGcOftkzDRTNIEgfiExxfFEqTWuFsAifCjTYMiqlpRdSVpUcPNz,JlbJwefoBYGORftkzTRTNIEgficxxfFEiTWuFsAifCjTYMiqlpRdSVgUcPNz
ujgpcnDOIIZVsHOQJShbACVrrOBKKPaFMlwjfLmYgCgPkrQUnxhlOPvcdNZt,ujgfcnDOIIZVsROQJSNbACVrWOBKGPaFMlwIfLfYTCgPkrQUvxhlOPvJdNft
ssbqxOCaslbmpryZWAyxkDLFBwcTJheMgNDwsRTPmLcmrbyHMvCcxQlaTCjV,ssbqxOCaslbmpryZWAyxkDLFPLcTrhlvgpDwsRdPmLcWrbyHMvCOxCFaTCjV
gvhNetWRZSAqrpEQAXXPJnuLmmuCqFQBzAcCWEBmyWwatnJfzUuACDHyDzVG,gvhNetWRZSAqrpEYAXfIJnjLYmjCqFQBzhcCWEBmyWwaNnJfzUVACDHyDzuG
DbzKcLRxgXbYKKQMGvuGXDLkTFuLHnhCIhjlJMHbkzPdFLFCyFUSKXhMRUyj,DbzKcbdxgXbYKKQMGvuGgDLkTFuLHnRCIhjlJMHbkzPdqLXCuFUSaXhMRlZz
fYuFpvlZiOxWqUpFSqmHXsdVxdivDPoHbHSxtkFumSnFUQFlvVTUByrsdSDN,fYuFpvlZiOjWqUpFSqmHpshCxdivDPiHbxSxtXFbmSnFUQFlvVTUByrsJSDc
uJAJnOHtLzAZjULxxWEtljhKRIfEmIPItuTxTlydTlcSZMEUwBDHumQdsfsV,uJTJnOHtVlRZjULxxWEtljIKRIfEmWAItxTxTlydTlcbeuEtwBDHumQdsfsV
QCWFDkhrytqZaLqLBlDEIFVlToxrPBZzyuXYMnQHPDASQzpGaqMudaVWpxZb,QCWFDkhrytqZaLqLzlBEIFVdToxrPBZzyuXYOnQHRDASQzpGaqZudCVWpRZb
vDtoSIbmgXIciinBmyEokfIqAspbYVyZQYstXTXJGqPdXGVyFKPhNRvBWtdw,vDyobIbmgXIciinBHykokfIqAsgbYVyZQYstXTXnGqxdXGnyFKvhNRvBWAdw
sEXyzHrVQaoPkWiehOZfsgLpBkVyjFFLqLRMlafQNKIiSuZLbmTPIqzuWfoxPzSLt,sEXyzHrVQaoPHWiehOZpsgWpBkVyjFWLqLRMlafQNKIiKuZPbmZPIqzIWpCxPzSLZ
ZitaqgFfQpJBabdtKdkzeSaMoPEENldtloMTmGbAgDghyKOxqzvYJeGzmJfOrVrrO,ZitaqgFfupJBabdtKdkzCraMoPeEGldtloRToGbACOghyLOxRzvYeeGzmJfOHVrrO
WyCGesYGiZDqiRtyiDGtIXJAwEtjaLUtMoejIphvMWejgxPfqlvWtaYoDtmiakTPr,WyCYewYGiZDqiRtyWDTtmlJAwEtjzLUpMoejIphvHEkjgSPfqlvNtaYoDtmiakTPr
wLTuXViLjWkqdIzzGEuckFgOoOFpUmJlahUxMUlSeBjxdEmGyBCxYqqzbCxFykOtG,wLTuXNiLjWkVdIzrGEuckFgOROFpALJlahUxMUlSeBjDuEmGyqCaYtqmbCxFykktG
DwPttovxCrRDHCUcreZVgZvQspFcvxbopSxacimxdnyDCMjeAENRCENRolCovqRov,DwFttPvxCrRDHCUcreZVgZRQsDFcvxbopdxacimkdnyDCMjeAdNFCENRClnovqRob
xnFDMRkcFQJvhhuDZrgtdACVofBenyqSsBMhNEZxPeKDrSWseLOKXXEYAEwvLgsYN,xnFDLIkcFQJvhNQDZrgtzAWVofBenyqSsBMhNEZxleKDrSWsnLOKXXEnAEwhLgrMA
xTvJPzRzPNcYRzkdZQUeseanpKCOlZQwAyOgrtyXnezuxDGVNRgwSDaJGykXVuyhw,xTvJPzRzbgcYmzkdZQUeseanpKCOlZQwAyOwrtyXnezuxDEVKRCwSDaJlDkXVuyhu
rLQlSClArTUNTKRSBvetnCIaYXtXaLrTSgJUSQiOjMStqKhlhiqhYEtQUArhIzwTJ,rGQlRClnvTUNTKRSBveHnCIaYXtXgLrTSgJUSQiOjMStmKhlhiqsYEttUArhcAwTJ
uvhvsrRdmBHVynGygXPbZpKxqxeOzpHTbFDeEscpnwcQndEGgKJvpWicqJoJbkNCR,FvhvsIRdmBHVygGygXPbZpKxKxSOzpHTbFFHEsUpnwoQndEGgjJvpWicKJoJbkUCR
pamWRAZcAtFbUXHWSwiFViDyqnqbfvqXlwJcsTSBYgVsUAUcSDCLvCkyCuREzbAmW,iTzWRAZcAtFbUXWLSwiFliDyqnqbfvqXlwJcsTSsYgVsUIUcSDCLvzLyCFREzbAmG
PzYAJUIrLJtAnsqOqkBBbBvjOfgNouJjbFJktyzZdIDyAhXiNAROwTOljwlWrQBhWcpaMG,PzYAJUIrLUtAKaYOqkBBbBvWOfgNouJjNFJFtyzZAqDyAhXiNAROwhOlUwlWrQBhWcpaMG
bbaYgMUfwBnXOGAkFYpVSyKoyEtpAtHhlOVfAaiXKmTLwoUfbGAFXeIQcRtQlGSrskqNDe,sbaHgMafwBnXOGAkFYpVSyKoyEtpAtHhlOVfAahtKCrLwoUfbGAjXeCQcRtQlGSrskqNDg
JdZcOTOsQgHklVdceGpkOpcIcxmpuHHBewNPzMgSclQsgPudjVDetLFIwDbURcvMNDtxPB,JdZcOeOsQMakOVdcoGpkOpcIcrYpuHeBewNPzsLSclQsgPudjVDetLFIwDuURcvMNDRxPB
iyfgqcVxBvBxhjysSgOtkOWkHQbKwAqPsQWMQXNASnTKOGoEXUqAxysXsuszArNzmbLqHT,iyfgqcVxZvBxhjsDSiOLkOWkHQbKwAqPPQWZLXNASnTKUGorAiqAxBsXsuszArNzmbLqHT
NUEvQolSiHMbHZjpISESkNXvMPDJOPrzOSqhTljVLeqPDlwBceZulLwuiJoXehbwMLBMpM,NUEvQolSiHMbHZjpjSESkNXvMmDHOBrzOSqhZljILuqPDHweceZulLGuiQoXehbwELBMpM
bsqPJWGDrrweDmEXlHQdUSTmHPmEgvvulZWiekQjAheoFpvXLWdbMIAJGjPxRUqDeEMfST,bsqPJWsDHrjeDmEXlHQdUSTmHPmCabdulZWieeQjAheoFpJXLWdbMIAJGBPxqUoDJEMfSf
lvRXPTBIsSurzGNqaOGrutrLEEfUBbVbcyqjedcHvMVKJXWGWuhFzehVXSvvupShDTbwNi,lvRXPuBFsJMrzGNqXOGrutrLgEfUBbVpcyqjedcyvMVJJXeGWuhFzehVXSvvpUShITwwNi
dbkvgCzlFfigKqEaRuHgPBVcfFVtNiWpifWNfByksbshQgkBIDgYxbdvzcOClFtkoYxWDX,dbkvgJzlVfigcqEaRuEpPBVcfFVFNQWpifWNfByksbshQgkmIDgYxJdxzcOClRtOoYxWDX
SthsXUwhCqVvHimPccRmMCzroXbgBnCgZaLRCmcYXmvhjRUuTFnRChpHiDCzMaJqIdIhiV,SthsXUwhCqVvHimPccRmMCzroXbgBnCgZILRqmcYJmvhjRUuTUBRwhpHiICZMaJBmFIubV
mNUvJVHvWHLDbzvJFwIejhOXgtayNHglFgFMlwuYrgNxHaWTlLYlAfJouoJVsXQSNMJPlV,mNUqJVHvWLLDbzvJFwIejhOXgtayNwglFgFMjwuYrgNxHEWTlLYgqfnCuoJVsXQSNMDdlV
PIALXfnUlarSIoGlEADxXsDhLHBDemOjpOnpPihVBKrbmGlSxdVPMkKMTbvEtiOTzerLYJbRutJ,PIANXfnUlarSkoGHEADxXsUhuHBDemOjpUnpPiMVBprbmGiSxdVPjkKMJbvEtiOTzerLYJbRyuJ
TakcornGQoAIqSyVSONohIrlTZzUZjXkxfWtcdyWMnKEnTMBmWVtaamjtNSQGYoPFgQBaUyBSPC,TxkcorNGQoAIqXyVSONohIMlTZzUZjXkpfWtcRvrMnKynTMBmWVtBamjtNSQGYoeFglBahyBSPC
uUHOINwKpszpfiYbakZxAYbIfCfZjAJhyhxpvMdtXqEgUEVMWvhHjAmqdnnCQpwifsJeIEmQXyN,ukHOIXwKpszpfiXbakTxAYbHfCoZjAJhyhxpvMdtXqDgUAVptvhHjAmqdnnBQpwifsJvpEmbHyN
yYLjUJJaaUXkmySWPPDVXWCZVAJmUtVazPpflCystnfjFwAFKzvbbEmEozqlkfvRkZblhLVtKpT,yYLjdJJaaUXkmyaYPPDVXWwZVAJqUtVaYPpflCystnfjFwAFKmQbbEeESZqlkfvRcZblhLVtKeT
IuzvceOIKnFUcpnwNRmNpUTfwTQGuGJQAgRvQrhKuOjrtHPOuRrUIUGhKVhhdoxDRFclPMynHaP,IuzvceOIKnOUcpnwNRmNpRPfwTQtIGJQAgRvQrhKunjrVHeKuprUXUGhKVhhdoxDRFalPMygHaP
RgiPEROKwjitAsPDCBZEyKffWGgwMhcwjdNqlQWseJTgikZxLANfiwIfsyQZcYTJPQByoYjDwJj,RgIPEIOKwjitAsPpxfKEyKufRGgwMhcwjdNqlQWqeJTcikZxLANfiwIfsyQZcYTJPQByotjDwJj
ksZtFAkOlsnOCOePsSRvtztOqxdXKpzGkMnvgQJgRDcHDyrTiHBIhfjSMNrlZIXKxjNhEHUYjwH,ksZtFAzOlsnOCOePgeRvtztOqXdXopzGkMnngQJgRDcHDynTilBIhfjSvNKlZIQKxjNhElUYjwH
GlwvpvTVxVlkbmHTEwbLSVwUzOkEJpNLohJdRDRKkVzsUZCXFrKpzoNsNujmWyfxTqWuJawOFpo,GlwvpvTnxVlkbmHTEHbKSbwCzWkxJpNLohJdRDRKkqzsUZCIFmKpzoNsNujHWyfQTSAuJawOFpe
sCJYdaXiFRDZcblWwIJYLnYKHVHFYFJKSWwIxGkAFRhKUsrIRcgmbAllNitUZDSUTEBfpqovRxe,sCJYdaXiFRDgcblWwIVYLnYKHVHFzFJKSWcIxGkAFRhoUHrIRcYmbAllNitUHDSQTEBfpflvOOe
hToYLHfnAZcuFAclvAVGAszhAccEHNmYttnAbVkRUcvYOzOGepgWsTjfuwhBjjKMWRqnCXmMDMf,hToYLKfnAZcuFAclvAViAsshAccEHNmYttnkboAOUcvYOzOGepQWsTjfuwPBjjCMSlqnCXuMDwf
SIPFzCSMEhzRLcWcgchQjrfAygUwKXBARixzetYlNgJePveLSASNlhqtRTYdQplGVOmpZMCyKevoYSmr,DIPfzJSMXUzRLcragghQjrfAygUwKXBARGxzetYlNyJePvewSASNihxtRTYdQAlGVOmTZMCyIevoYSmr
jpQycafOrvrGhuVSoCHigEaChOmmKIvzGquIiYioQnvHOaBlWxshjEUwemdelUJVCbacqgJBnqIYuGKo,jpQycafOvdrGNuwSoCHigEaChOmmKIvvGquIjYioQnvHGaBlWxshjEUXzmGelUJVCbvcqXEBnqIYuGKo
PGeuHpbfxfbOYnjarWdqFYFCUPZMYNDocSNmxoIsfTVBFyMBMWezyvqVzgDgnbBaBDwLBjBVwxKzjwmW,PGeuHpbfxfbOYnwarWdBFYFCUPCMYNRoccgmwoIsfTVBFyMBMdlzyvqVzgDgnQBaCDwLKxBDwxKzjwmW
PyaxRzFQdEhQvLrjnQAKCxwBTtzVjqkyAbczkdSTOpdrZXLbuSRzhHnLSpTBRgADQqLegAImSmFkcvup,PyaxSzFQdEhPvLrjDQRKCxGBTtzVjqkyhbczkdRTOpdrmXLbtSPhhHnLpGTBRuAlQqLZgAImSmFkcvup
ngqjqlxcdpveLpUCdNXjKfEXyVuMhqLiUMIVmVbmTEvfToMxYbGJIeXyXhJLelesCOfFcmmDQcQrHvRp,nJqjqlxcdpvecpUNdrXjLfEXyVBthwNiUMEVmVQmTEvfToMxYbGJIezyXhJLeleszOfkcmmDKcQrHvmp
IgKIYLrdifzPlWLhOJzlXUinpnMOuWmSGWENRRgpFACuEtgHzWBuCNiYcstpSBApXmWRNcbptaRgougo,IgKIYLrORfZPaWLjULzlXUinpnMzuWmKGWdNRRgpFACuEtgHzWBuCNiRcstpSBopXmWRNcbINaogfugo
vtHWszYAvaBMzZfhZvpHmVhSCWDXEWYCDKQeCMHsjJVPmxNKjOEIumNJfPQqFARniZMntuLGhdGJrBcl,vtgoszYvvaBMzZfhZLpHmVhaCWDXxWYCyKQelMHsjJVPmKNKjOEIwmNJfPQqFAmniZMLtkLGidGOrBcl
WLzsdCFuBOFzXhGIikzvQKLNNYTUMkOGwCCAprlAVZLsxMCLbHfqXAJdcOlcPiJcapwjecVWoCRvKwZD,WLzsgCFupRWzXbGIikzvQKLNNddUMkgGwCCApKlAVZLsxMpLbHfqVAJdcOlckiJcQpwjAcVWoCRvKwZD
rkfXPFjQEbHowETRcDpWmjVcxFycscPVRVuzJBbxtGLlvSvrapFmAhptmnHTuQGKybvZVHmwTDtOitHs,rkfXPFfQebHUwETRcSpWmjVoxFyrscPVRVdYJBbxtGLlvSvrapFmOpptmnHvuQGKybvZVHmzTXtOGtHs
mNcyPJTHCkMLhTXsQCogXtdvuOrOouisnLqoOkKgulcwOxZfZUbqcQEPVCWzJCfJzqLGZgPtUrImXchR,mNcyFJTBCkMLhTXsQMYgXtdvuNreouisnLqoOkKgulcuOxZfZUwqcYEPPCWzJCfJTqLGZgPtLrsmXchN
JQaNXcLvESVhoYUonPfubABLcTIdtPKQEmtFhqSWfGbdsEHHXBZLkYcpWzjmbIftFpWLCFJllRTIeUGAMnpnU,JQaNXILDESVhoYUofPTubABLcTIdtPKQfmtFhISWfGHdsEHEXBZKkYcpzzjoQIfoFrWLCFJllcTIeUGAMnpnU
cALbpmKFdhZybmhsGsYUVfsiQmEapdYKThVytcqoksaxRDWpjZoAvBuAGlKOoRDyADeQxYhxYXsPQGpNvDjeV,cALbpmKFdhZybmDsGsYULfssQmEaVdYKThVynctoksaxRDvpjZozvBuAGlKOoRlyADeQxFhxYXsPQGpNpDjMV
CvOkirGeShVplhbMXpNGLCOAevAflUAhvZHAhviFEFrUitaTcZCDbXtJXLejrLRRPqrdFuhGFpvAVLStvpBxV,COSkirGlShVplhbMZpNGLCOAkvAflULhvZHAhIEFEFuUitjTcZCPbGtJXLejrHlRPqrdFThGFplAVLStvpBxV
kmfmcjaaNLevEbARQxSxKHPsvQODHVGZyFlMahiGugWACqhuLcqaMMYMyeMDxJsLdDbmENzLKnvIBsfuzUiEw,kmfmcAayNLeVEbARQxexKDPsvQODHuGByFlMfhiGigWACqSuLcqaMMYMyeMWxJsLVDbmENzLKmvIBsfuzziEw
fircyXDMGIzpdPmjnWsHJLJvJDoHHxwwCwgVfSmnrZFHUOIbQdjfHUtTAEJLicFnlTDMicfaoyoOePDnIzrsU,fWecyXDMGIzbdPmlnWsHJLJhJDfHHxwwCwgVfSmnrZFHZOIbadjfHUtTAEyLAgFnlTDkiLcacyoOePDnIzrsM
rQkgZQqbpNZUSoIDYCkogUwUXpIHTQBCFJUyRTcibAJcUyntTaidQtrrJIOtIEDMxVCRUbXYVtnDfropiYrhh,rQkgZQqbpNZFSosDYCkogUwcXpIajQBCFJUyRTcGbAJcUyntTfedQtrrJIOtITDoxVDdSbBYVtnDfropiYchh
oUsyfdNTKekMPsBHpgZBtukGbAhCCOmByHnbGgPItjswQefgoTggGOImmyTLxCRHsCJgGxBSmIFlVBBcEJNnk,oUPyfdNTKokFcsBCpgZBxGkAbAhCCOmByHnbGgMUtjlwQefgoTggGOImmyTLxCRHsgJgGxBSmIFLVBBczJenR
ooRWAXCKHlhLYrhjNBWWdBflNSCDqZgwlGPwSTpyTPgQTSKvzqthCLAKtqyQnSSBEMAXxdKjNYujQwzuHiWAD,oocIAXCKVlhLYrhjNBWWdBBlNSCDqjgwlGPwSTpQuPgQTSKvzqthCLAKtqypnESBnMAXxfKjXYujQwzuHXWQD
yRyvDLJWIFZSHWrbvnuAYjwSumFMrAayrPmVpKLycVqTqbEivLDjuYatlUewcQvwbrbHJDQqMbMLrIEroxSIJ,yRyvDLJWIFZsHWrbvnuAYjwSXmmMrlayrPlJEKLycVqTqbGivLDjuYFtlUewcQvMbmbJMDRqMpYLrIEruxSIJ
DdcgnWCKIMkexmRhMZsWfrteEecxvTFdedhMOfnCAUskMrVenEgGMzFjMslgtmnbBodsuGxUtkQGFmHqGwwDv,DdcgzWCKIMkSxmRhMZsWorteEdcxvTFdedhMOfnCAUskMrVenEgGMzFjMsIgtmfbBlznBGkUtUnGFmOqswwDv
tgjoWUDrxTtJWQVOTwWfGhXcFTUImtkfuByDbRuCGucnZfdhyHPJbjngCMTkpmSgcYqDIjSDGqQbILoaZWAhZmoWhM,tgjoWJDhxTtJWQqOTwJdGGXcYTUImtkfuByDbRuCGucnZfdhysPJRjnnCMTkWmSgcYNDIjSDGqQbILoaomAhDmoWhM
pMEGGLcgEkxCEBNAILoUYkzTgbyqfDYFeuXUsSpgYDCRSOmjEtSmESGkZuKYwKSHJrUsvxrmRrPSYSeEWqkDvZxkeK,pMEGGLcgEkxCaBKAILofYkzTgbaqfDYFeuXUsPpgYACRSSmjEEsmESGkZwKYwKSHJrUsogrmRrPHYSeEWqkDcZxQeK
QtdYELhsgEzajkZIAchsDNIndiTnvGJNNcTpcMMLTIewSCgTLnYUFTcAWURjjSaIDvIrJdQbUCkmGqcFZArFgYamPE,QtdYTwhsgpwajkcIAchsXNIndiTnvGbNNcTpcMHLTMMwkCNTLnYUFTcAWaRjjSaIDvIrJdQZUjkmTqcFZArIgYamPE
sZTTotpqrunlAxYUdCgYJcVdPEatcfdAQRDZipgQATxVODbOGnkSQqCfKNPxoVGCAdJyXaUUdtMyEZJmHCdbUdjkPL,sZTTotpqrunlAxYIsCcYJcVdPEatcfdAQRjjwpgQATxVOHbOGqkSQqCfZNZxVVcCAdJyXaUUddMyEZJZjCdOUdhkPL
sGYgiviFiOFgrwIlJouPKFkDAneBhygSIZPofXjTGywzlGFFffBjHkSvZVvQFnAzOFoCuvHeEdydGLGnbRODLGJNns,sFYgiviFiOFgrwIlJouPKFkDAnuBhygSnZPofAjHGywgqGFxffBjHkSvZVvQFAAzTFoCuvOYEdEdcLGnbZODSGJNOs
TsvHUjXxqQhKfoxcBDiGFGYZbxxVhSdZfOsQocYMJdJfBpLTppZLahUSxFXxEglgKOKCGUMolXBevkzlvcFgHxdpbp,TsvHUzXMqzhKfoxcBDiGFoSZbxxqhSdZfOXYocYMJdhfBpLTppBLahUHdFgxEglgvOKCGUphlXBevkzlvuFgHxdpbp
TSXsIYxJcIovgGVSbwxUEBINDQHReTzXHCNdhJDcFkBNLcsvGGUmOgBFxraqrsVTkTTRLTcjADoGiuxduNoHQrGFFh,TSXkIYxJcIrvTGJAhwxUEBINDQHReTzXHxNdKtDcFkBNLcsvGRUmFgkFxraqrsVTkAXRLTcjADoGiupduNoHQrGFFh
qIhReEklDTlsXCpcIrIVNpZDOJNjRwVxMZhCqiMqPafKcEpDMMHDeUarSCzyJOZytfUPrxszZIoievuqJWCUeYBaTr,qIhRePkUDTlsXCpcIrIVNpZDOJNjRwVxMZhTqiMqiafKpApDMMHDeUarSCzyOOZyFfUxrxsBZIoievuwJsojeYBaRr
zOmUJJTLyZFepMRWomRIvObHhRVOrBEineUuYxQkJIOIXyKNBlQVUPKiJSNvrJRVudtloVIgLlronCjeAzlrKXdMGl,zOmUOJTnyZFepMRYomRIvoxThRKOsBEbjeUulxQkoXOIXyKNBlQVUPPiJStvrJRVudtloVIgLlHonCjeAzlrKBdMGl
ozzsSTnHtGAKUIXWfyuzImqpfHSEhuJOZJsHoeYbwphZSCVFUQWYNzRpmlUnqxjOIvhfsrWWMkgdyWRqqqIEzVDcdd,ozzsrTnItGAlUIXWfEuzImqpcHSEhuJOZJsHoeYJwpbVOCVFUeWYNzRpmlHnjxjOFvhfsrWWMkgIymReqqIFzTDcdd
DTxEJgNGWNUycKBLpkTMdjkqXHgcsAZRGBLqGtfVgLJWUxGGdsqYSTLmUGPORKBUNSvTVHKYGjQniDqaSmDekRaadyXyQDp,DTxEJgNGWNUpcKBLpkXMKjkqXHgHsAtRGBLqGtfVgLGWUxGGdHqYSTLmUGPORKgUNSvTVHKYGKQniDqhSmDeDjaRLyXyQDp
vxayqTXfGxnYpWKGEzQbiPaABTfUkqSoEfnCPsKDxQSGCYKVzKlLQHGGrPFsMngItPBvuZIurohYaPzIwrwFKkaulJhVgIS,vxayqVOfGcnbpWKGEzQbiLMcBTfUkqSoEfJCPshcxQSGGcKVzKlLQHGGrPFsMtgItPBvuZIurohYaPzIwnwFKkaulrhVUIS
bhonoDdhlNCEfIPSWFVVlLtsgvxwmcvjQGsstWVhYYFiVDwMETgTonZprAsrpcSuhqyLwgVngMSPDltqziGgBItCDJeDmLq,bhonozLhlqCEfIPmnFVVlLtsgvxwYcvjJLsstWVhYYiiVDwtEuMTonZKrTsrpcSuhqBLwgVxgMSPJltqzjGgBItCDJeDmLq
IXIoWgCvgIQElPAfYpryMhEQPWeKLwlNNMMtHGyHaBCWjCrsjyoqNeHAqMbrbmtoKeqTVRWQbyymJxBHihdAcubwRFZtqRb,iXVoWgCvxbWElPAfYpqyMhBQPWeKLwlNNMMtqGyIaBCwjQrsjyoqCeHAqrbBbmtoKeqTVRWQbyymJxBHihdAcuCwxFZqNRb
CrtznxcpjJKFtDvvUWNmpGEMQZWkxqoTzzAMmqDOnafkIJivAxcAcdbJbZkMjRwjyYgtgNEpKHmTYWMmeUuCuieAfWVifIA,CrtznxZpjjKFtDrvUVGmeGEMXZWzxqoTzzAMmMdOaafkIJiHAxcAcDbJbZkMjRwjcYgtgNEpTHmTYWMmeUuCuFeAlWVifIA
NBoMZPeetcrbQPVsBcSstDeeAGJGIfKZbtDGJLfkJIBcONufczVbKIdQTkfJIPDzzZxRBujfwonCTZFJFKoYMOPYfMwTDTF,XBoMZPeetfWbQPVYkcSstDeOAGJGhfKZbtOGJLfkJIBcONuwczBbKIdQckfJLPDzzZxRBujAwonVTZPJFKoYMRhYfjwTDTF
VyULrhNiDIwPkmbLZOCnpTUOGxadUItriutRlnasXcdoFGAISDIsxkTBOmOfwgYHtoPQYmHPdKkfJtWLnlDRZvkQsAwYYPK,VyULrhqiDIwPkmbLZOCnpTUOGradUItriutRtnaKXbdodVAISlIsxFhBOmHfwgYHtoPQhmHPdKkfStWLnlDTZvkQHANYYPK
QuCCcOwHUBjjKUZsluJjkMFikJSOLCwRknwerfoBLqrmdsogXBecnzdzFHhQIyTuTRirrALGWjqFteZgFzvQWDKLTHGiVok,QuCCrLNHUBjjKUZsjuJjkMFikJSFLCwaknweTAoobqrmdsogXGqMnzdzFHhGIyTuvRirrALGWjqFteZgmzvQWeKLTRGJVok
eMdrSOsnxcjGiLMAdkFTNKmBXCEoPtFHrstCFnPgilQwzJAIReAvKYubfePTfALdCmvDKhFFnHciYRuFCgUzpDvVZqdWByk,eMXrSOsMxctGiaMAdkFTNKmBXCEoPhFHrstlFnPgilQInPAIReAZKYubfePTfALdCmjDKtFnnHciYJuFCgHzpDvVZqdudyk
JpzAsnSyqsvjVDXUcMWguutmmZztbqsSGjAilgmcXpPluszmwkoLLMqYKvcyFJiFPuAzGRgEInNfUJgUGmUvxCBxBjVKTVP,JpzAsnSyqsvjVDXUaMyguOtmDZztbqsSGjAZlgHhXRPlMSzcwkuLLkqYKvcyFJmFnuAzGRgEInNfUJgUGmUvxCBxBjVKTyP
ExAKgaSjFqMPqyOydPuvkQmmsxoRVoMQWraviRIbKsZHFmgSphrHVUZsXAtRqLzYbQCaMmnkqtBNPVOcsOBIrQfzRGvdxaIKsbHx,ExAKgaKjFqMPqyOWqskvkQBmfxoRVoMQWrDviRIbDsZHFmgSphlSVUZsXAaRqnzYbQGaMmnkqtBNPVMcsOBIcQfzRGvdxaIxsbHx
WwnyWnTKjUEVQQQOKJJScNpNFdzIyVRKTUutgrDsKowRuWJBrCikWRlcWfpWEUABxQPHlFJVaYBQOgLmRABlimDhSKyPfoKMcpdD,WwnyWnTKjUEVQQQOKJJScNQNydqIySRKTiutirDhKoARuWptrCikWRacUfpWbUABtQPHlFJhaYBaOgLmRXBlimDPSKyPfoKccfdD
iXvCakQCCQgdThGTnBscnjCasEOUiFhoDQpTqiMJLiMcAyRuqHUZiUotMRZjhftEsDeMOJgtCkwSGXnCfpbqJuPoaAlqaBEgGWCf,iXvCakQCCQgdThtTnBscnjCasEPUiFhoDQpTLiMoLiMcAyRuqYCZiUotMRZjhftEsjeMOJdtOkwSGXnicmbGoCPaaAlqaBEgvOVf
LMrENGyYrlGQuEgZgvhmFbdQXTHyRVXXijRPCwLyvTYfkumoUYtIrKSWSDygFulqnORlrIyBuDJfrCaziajLNXFnXDfcJyyvwCJE,JMrENsxYrlGQuEgZgvhmFbLQXYHyRVXXrjRPCwLyvTMfkumoUYtIrxSgSDygFulrnMRlrIyBuDJfrCtziajhNXXnXDUcJyyvwCJb
FMZIMbhxLZtKSjLWDWyhdqLJPxfnclUjOaWXLxkGReghJIHXNFRIZTjBTkgMPIauSurVFfUpQrNnhlNXygVWqaTVXQSxxAvFqwuo,FMZoMbhELZtrSILWDWyhdELJPxdnclUjOUWXLxkGReghJIHtNaRIZTWBTkAMPIaySurqCsUpQrNnslHXygVWqaTVXQSxxAvFqwuo
rPhumWVYOsywZHoCVCBRWsVnLnHWpRTasqZLGhRTZTHahiKLzbhAhiTVoUohkBZPCZYogXmhRrUWhmdIWkqjvHNeNdLTEJBWNBKr,rPhumWVYOJyCZHxCVCBZWsVnLnuWpRTasqZLGhRTZTHaAiKLzbEVhiTwoqoDkBZPCZYbgXmhRrUWYmdIIkqjvHjegcLTEsBWxBRr
NGYXfmjeqBYzBcSfbzBCjzEyPZLELQaOfaZJTTwoWakcIjlFVqJaOwuMjgzFOwsHbrxqEPfqvxqKIybnNFSLxwHpaYVIlzdKzJJH,NGxXfmjeWWYzBcSfbKBCjzEyPZLELQaOfaZTTTwoWakcejlFVqJaOwuMQgnFswsHbrxqEPfqvxqKIybnNFSsxwHpadZIVzLpwNJH
RTiMwqSucxSocdwtOGPzvnYYPrmtkpGQdRDZqPYqzbLWpyEuXMNXKtWEYOVRkxuMcIuhLEjoiXxCFUuFXQCWWtgXarrFpiBMgehk,iTiMwqSucxSocdzgOGPWvnYYPgmekpGQdRDZqPYUzVLWpyEeXMNXKtWEYOVRwxvMcIuhLEjoiVxCFUuFUaCWesgXarrFpiPMAyhk
owDriDsaxKyNXNDVydgalwYQjBEhCEcruwNOHeyWRwRDGUqsfoIOhWWxBwwKggcHBOFEZtPDnPnjzDdIESLSiJmoszFXkhEtJTMR,owDriDEaxKyNYNDVidGalwYQjBEhCEurhzNOeeyWRwRJBUqsfoIOnWWRBwwOggcHZOFEZtPDnPnjzVdIESLSiJmoNzFXwhEtJTeR
gZOXDApHmzMvmBpgGQXcxPAGZbDkUMPHRdxhKtouxQPCUNpETIKTeLtuZHsoGwnnflLIDpFDblHHlIukhJxmEMZSDGzGJqWbbncX,vZOXDApHmzMvmBpqGQXcUPAnZbDvUMPHRdxhKtoBxQPCUNrETIKTeLPNfHsoGwnnflLIeCFDblmXlGcahJxmEMlSDRzGJYWbbncX
OYxwsTzzZSlhSHWDkiIVLknAIPNXpFWdmiBtPImjjhtOFmuhWPmksZutZXZZxNIgngJnYxIjJmqMjsLnHpVhEyLUxWNPrvPFxYDrlxHDz,OYxwsTzYZSlhqHWxkiIVLknAIPNXpFWdmiBJPImjRhtyumyhWPtksZuhZgZZxbIfngJnYxIjJmqrjsknHpVhxyLUhWSPrvPFxYDnaxHDz
JsMhmFJvSHztAGaBeaOdbiZmGFdEGwRgyuTfYAmUGMWCjCBIEeDPqFuQtBSBgFOQcmhsAnwqqIDSxchSmNfEmPsCHZFreWvoatkEVHCeC,JsMhmFJvDHztAGaBeaOdGsLmGhdLvwRgyuTfbAmUMNWCjCBfEeDPqFyQtBSBgFOQRmhTAnwqqIyShchSmNfEnPsCHZFrebUoatkEVHCeC
xoFeoutjTrTTQQPoshcqdhlBdPESMWyRSyCGCkmlWGKjOwUCfdtOhMLpImwPtMKwgvrCPEfWgVqZqSfpkWHxrtdDcdbfzTBqlXuTPlabw,xoFeouQjTGxnQQPoskcqdhlFdPESMWyRSNCGCkmlWGKAOwACfdBVhMLpImwCtMKwgvrCPEfWgbqZqSfpkWHxwxdDcdbfzTBHlXuTClabw
zZWiRxksshKfLgCzAqnzuBxVuKeHLICdkoVqAUOAElVcCZESRMETRVRfEURSASCuvsvOcZAGufUYwQKLtNjFeGPNhvSaDoQWyIvphTLLJ,dZAulXkQsBKfLuCzAsnzuBxVuKeLsICdkoVqAUOAElVcCZESRSFTpVvfEURSAJCuvsvOBZAGufUYwQKLtNjFeGPNhvSaDoQWyIEphTLwJ
XTlnxrFJNTSHlXhqSbGvbGubFrsTrACcLRtNWHKBfLddkVhCeyriqLQbCfJFRzPKmbdvVINoACeKSPIiEbspFsOCuaQxjFtSyZwIAMkwK,XTlnxrFJNTSslXOqSbLYbGubFlsTZGCcLRtNWHKBfpddkVcCeyriTLQbCfJARzPHmndvVwLoACeKipIiEbspFsOCuaQxfFtSyZwIAMkwB
bDIsqQGnIKhUKfUSBVUGgqPlZNwgUTgzkwKjwUinqIUPspDPQlSpdpvldXqJVOxBQVlayvJUvkMBaFgcAIOKOJpNlfqfijSnxLgeTSHKK,bNIsqWGnIKhUKfUuBVUGgUPHZNwgaTvzkwFjwUTnqIUPUwDPQlSpdpvudmqJYOxBQBlaycJUKkMBaFgcAIIKgJpNtfqfijSnxLgeTSHKK
tyAkMsTVwRUZUShjjHeHUdzESIBziaXvaFDYvaVdPHrYvnSXShgPVyeQnzWCjwiVgZnLtxMQexvyIwioLnbFmsDlzIktnBKJeaPyXWrlm,tdAmMQTVfRUZyShjjHegUdQFSIBziaXvaFDYvaVdPHrYvnSXSygwVyeQnzWCjwrvgZnJtxMQexvnIwOoLnbFmsOlzIktnBKHeaPyXWrlm
LsjEOywAaxwFAEatqkEuJIEEUTYyzrzDgRMMliELEWnFgZLvHelmwmJtzvElvWqZMKwwcOmYFxXQxUNkHRnXjvxXjDwSvFiscuGGbBplM,LPjEvywAAxwFAEatqkEuJIEEUTYyzrzDgRMKliELEWnFOZNvWeNmwmJtzvElvBNZMKwwcOmbXxgQxUNkoRnXjvxXjDwSHFiPcuGGbEplM
ZNKYDtTlanawZbwZSsTjzjqlpEMUjcBQFyBUXTrkVMItjSSOVLKSdwohsrKqIyDKWyNRvTYbCUdAqnUoDnAMssphNokXUaRFHNcvpPapX,ZNeYDtTlTUawZbxZSsTjzjqlpEMpjcBQWyPUXTcIVMItiSSOVswSIwohsrKqIKFKWydRvTYbCGdaqnUoDnAMssphNokXiaRFHNcvpPapX
bpRjEaPqMTYbPZFsuRPqoBQbvMjbWlFAmuTodhBEqlwhbtBoLMWkFSFYtRCCJPflLbjfMqgPxqZcaleHdyoousTjJvKpPBLpFDHfRblVN,bpRjEaoqMSYbGZFsuRPqyBQbvMjbWlHApuTodhBEqlBhbtBoLMWkBSFYuRCCCPflLAjfMqOPrqZcaleHdyoousTMJvTpNBLpFDHfRbbVN
StJjqQehQYvQeQYLhFoQZCpXNySdckTxxYckfRcOHpvMVGJPckFLVGszlasbWblDbaOCYIfvODEwloQeONPqEfGpyXlnHCqvRMATNArWjlTlnt,StJjqQekQYvQeQYLhsoQbJpXNySdrjTxxYckfRcOHpwMhGJPckFLVGszlxsbWblDbaOCCIGvxDEwloQyONPxEfGpQXlnHCqvRMATNADWjlTaKt
UpumWDBfEHwxEKLGogzvvEuDungzrZjavgiUJBPjnhMHlBiwAfHTodCbEvhsolfKPtvFTtRWlouovfPdfIzmiHFyKbiJliZugdyRwbvrmgzOEc,UpymkDofEHwxEKXGogzvBEucqngzrZjavgiUJBPjnhMHlBiwAfHTodCbENhsolfKPtAFTtIWlouovfPdfIzmwXFyKbdJliJugAymwbvrfgzpEc
oLIeJFiatTPqNzpjEssnvZtwSvuKEBIQHzrfaCTMPIPYQheWFrHBpMeyWPlmBGHWPDMrjpjOkAMwdZafvROzwLJnHqxVyABCHmumTsTwcbPVeQ,iLIeJFiatTPqNopCEssnqZtwYvuKVBIQcFrfaCTMPIPYQhelFRLppMeyWPlmBGZAPDMrjvjOSAMwdZafvROFwLJDHBxVyABCHmumTslwcbPVeA
tmKXOKMECufqnREgyJefmSuWPeJRxUzSXAcbZwWLbrDYkUkUHoINsNrYMSOcbKaQULqufEvvntandmGhNWacZWBXxiwvqZdLGmuNqoUlssstEW,tmKmOKOECufqnRpgyvefHNuWPeJRCUzSXujbZwWLbYDYkUkUHoONsNrYMSOcbKaQdLqufEvvntandmGhNWacuWBXxiwvfZdLdZuNqOUlAsHtEW
TycbBeFEHhFOymyaJDUYoKZUKkeQyzxToHUXHrfAvCmsxcPHSBCNzvgEzJaCBYfgVETGzTwZIQFCjEMnTXkToCXLESVfCtBXDaZcszbsizXodI,TfcbBeFEHhFOymyaJDUYzKWUIkeryzxToHUXHrAAvCksxcPHInCpzvgbzJaCBYfwVEauzTwZIQFCjEMnTXkIoCXLESnfCtBXbTZcszbsiznodI
hXmeyadFFBTNSFBbfeYDdFLRGrEJfakrWEVAOnJoSrfhMbTXsTJolbbgfyWtnLSDIrxapVcFYexqPNpLnnHMGzmwkNFZWoUAAPGUalNmuRbBzx,hXmeyadFFBTNvFBDfeYDdFLRYrEJfaarWEVAOnIoSrfhMbTtsTJolbbgfyWtnLSDIIxapWcFYexqPNpLnhHMlzmwkNFXWcKAAPGzMlNmhkbBSx
aPInKzTKLOHVwXrotoNXHqVoKDMJhtwEhPRCfGyPfTkUIFZcouZZKWTQkgwMQNOzMOWwqBGLPPLyRAbdsUOkvnETdvFmjVDqqoaPoIotNKNQvl,aPInEkOKLOHVwIrGtANXHqVopbMRKLwBhPRVfGyPfTkUIFZcauZZKWTQkgQMQNOzMOWwqBGLPPLyRybdsUOkvhETSvFZjVDqcoaPoIotNKNpvl
vAxnDHWZUVKRdGcqAZWhjirgYSboHBmLNDPYMYKjGjPrkwvDvJRxObHrWRWtifjSyFsnSlrJftZrnVibrjJnhkbUhYpbHcdOJHznzeCaOSLyhe,vTxnDMWZuVKxdwcqAZWhjirpYSboHBmENDPYMYKjGjPrkSvDvJrxObHrWRWtifjSyFRnSlrJutZrZVibrgJnhkbkhYpbHkdOLQzszeCaOSLyLe
gRBDFCpUzOWPAAodqgStEvRRbTRTJxBWdpjfJMTWQWCxKNGGVfqqGeADDPSmhVGwiLBqLdippahEHJaFpqQCDSIvwpflLmzbWidVomOcWjUsXI,gRBDMCpOzrWPAdoEqgStEvRRbTRTJxBImpjfJMTWQWCDKNGGVfqqOeADDPOmhbGwiLzqLURpWaPEHJaFGqQCDSIvwpflLmzbWUKVomOcWnUsXI
leBInEGFrYtztAnWnvPkgUhhhqaWeJIVarBXvmfYBYQuxANHmhGFXuvxPPHfkqNZVSVnfYrmkCwxeFjCtkbuaruSLNyAaPYhGqniYoGfZeIThI,IeBInCGFrYaztAnWSvPkgUfhvEadeJHVaPBXvmfYBYQuxAmHmhGFXuvxPPHfkuNZTSVnfYrmkCwxeFjCtkFuaujSLNyhaPYhGqnisoGfheIThI
lEYUKGMAGCSiNZasWDoxLnbnwwgkupoROhkIeHiKAMNhYqyAWkssMWrmuWTlNykiRASQYywIEsDNaYvtwZrwFGvgDUeKNlIFSVVFkeQHpYxeWnVUVcm,lEYUKGMAGCSiNZasWDoTKnbbzwgCupoROhkIegiKAMNhYqyqzkssMErmuWTlNykiRASQYywIEsDNaYvtwZrwFGKgDUrMNUIFSVVUQecHpUxQWEVUVcm
UxHplPqGFcwHcMcJhYDWIvQGooiMizODzLAFkWXGbPNapTtyNyUPJvvZSmgmYARtYbxANdhcCqDZXwkfPGucXArOrgWDnzmjinuwYzPDsAZithJBiIE,UxHplPqoFcwHcMcJhYDWIvieooiMixOczVAFYWXGbPZapTtyNyzPNvvZSzgmYpRtYbxOjdxcCcDZXwkfPOucXWrOrgWDnkmjinuwYzPDsAZithJBiIE
QUCBPJIIZTjSZavVytxUoXOKpdddXuXqxUzwsWpQRssMYwiiwcbnmWFCdAEJPTEZKKXArGnIQPViuOoZxOOfhDZiMsiaQeOqSVDcbeUuvnhiXxAZjZn,QUCBPiIIZTjSZapVytxUoXOKpdddXuXjxZNwsWpQRsgMdviSwcxnmWFCdAEJPTdZKKXArGnIQPUiuKoZxOOfhDZiMUQaaeOkSVDcbeUuvnyiXxAZjZc
UyjAkcOqcCWvWYRrsZUjRdSyIMoxPdqHJNzetOkSFJHbAICMcPrnQXnXmfJPcnLwzteAqHujmdaCwxenJsGrYShOdfPRmxotrvcZDJROQBnlGtEXbdA,qyjAmcOqcCWvWYRrsZUjRdSyIjoxPdqHJNzettkSFuHbgICMckrnQXfXmfvPfnDwzPTAqHujmdaCqxqnJsGrYPROdAQYmxotrvcZDJROQBnlGtEXbdA
owlYBmVSofGYNoOyTwofHzAlRpwwOtrWTAieRLJvSchgYkosbwgukovYqRcMInPvnAjRelwGzUmIAAILQvxXNMbRPlWBUqxhoxGufDBRBbkgKwwmjbM,owlYBmPSofGYNoHyTwoiHzAydpwwOtrWTfieRLJvnchgYZosbwguJovYqRcMInPvnAjRelMGzUmIAXtLQvxXNMrRPljBUqxhoxGxfoBNBbkgKwwmjbM
arHRXFiImHFjsGoObsFdRyVRKUJjnYbEXQYpHHudkZifbUoPpeFyLqiLsGPvuMNajwDogPwpZceFFWthlmMkncxQvNbgukplFUsSQJZoQkfmSbttcQd,LrHRXFiImHFjsGoOMsFsRFVRUxJjnYbEDsYpHHudkZOfKUoPYeFyMHiAjGPvuMksjwDoZPwpZceFFWthemMkncxQvNQgukplFUsSQJZoQkfmSbttcQL
DUdiNRzkWqtADgUVjGggiyeIrnomCphqTFsoWcgnSWJJoZCnevbNPcpOQJrSshqFAraMJizEnnVoPuqhPBnJqBasXhCHtHkmSNEJcjdZBcvsfMEXZkR,DUdTNRzxWqtADgUVjGggWyeIrnomCphqTkfeWcgnSWJJoZCnevbEPcpOQmrSHhFFAraMJizEnnVgPuqhPBnJqBapqhCHhHomSNEicjeZBcvsfWEXZvE
PCXKXdifzSIuvvxmjzCjukKlrFsQMIvNqbMVBUrECRiYLTsYuJQfESTTKaGLqvIokusHjKfWymfAnRaVDawkUdNgykpsEISdpoYJlvqXevHAxOLFjXF,sCXKXdifzSIuvvHmjzCjukKlrFfQvaSNqbMVmUrRCRTqLTsYuJJfESTTKwGLqGIokusHjKfWsmfAnRaVDawrUdNgykpVEISdpOYJlvqvevLAxORFjXD
mJFGvbkXfrMyApMJjhqZhvgnBwzQueEQsVpQKNXCnmQCnAaBAeyPUwqnYADuPvqPhYDGSaNFOxJysYeAcMgnqJivBrDtRIeCodYqPscPSxQapbjupEG,mJTGvbkXfrMyApMJjhBphvgnBwmQuelQsVnQKNXCnmQvnAXBAeyPKwqZYADuPvRPhYTGSoNFOxJysYeAcMgfAJYvBrDtRFeEHdYqPscPSxQapWjupEi
QDWgcpbABJjbjNhENcCyjustiPLpKXhADXOujRGyxredEdSrYCeutxQRqdQWcjIQExStvzrXNKyxJGMMEemmVExBIIXfrreKUkzhjUoaRuDfEHDSTQK,QDWkspbABKjbjYhENcCyyuZtbZLpWuhADbOujRGyxredEdSroCeutxQRqTQWcjIQnxqtvzrXNmyxJGMMEefmVExFIIXfrreKUkzhjUoaRuDpEHESZQK
lCrdLpJQnQMxBwmveHhzZoARqWYamSFzYoILiYzXebSOctqmXWTCkjdzacAmJzghjtkPbSiIDMXZoBddyusNoYjLjqxPYErnpNdjmGgPcWVhQvJpGhPBMQoZ,lCCdLbJQnQMxBwmveHhzZoARqWxaESFzYoILiYzXrbSdctqmXWTCkjdzgcAmJDghjtkPbeiIDMXZoBdSyusNoYjLVqxPgEInpNKjihgPqWhhQvCpGhPBVQoZ
aNDlSTWasaTLqqGoRglrLPXjtpVmQpTApsGyFdQNHhJHzosbsqbXSfkUNTBclFmunKloPeAPtsogQIItJHmTQNHpURrTNQbxkjtojSqEsaTJEYrIwIcJITfG,aNDluTWasahLqqGvRglrLPXjtpomQpTApjLyPdQNHhJHzosbsqbXSfkUNTbclFouawloPeAPtsAgQIItJHqTQNHpyRrTNQbxvjtojBqhjaTJEEbFYIcJITWG
xVTcjToEAasYZNUcdMsfRuifgsfIYlsmFzekBnxTEtckNmeonulYzQyIopNApPrUawfSGZTSynCbUZWBMtLNQHpWMoDQJzhyxhkwnUyXtyICDKBjCgFvlSWA,xVTcuToEAasYZtUcdMsfRcifgLfIYPsmFzekBnXTEtckNVeonMlYzdyIocNmpJrUawfJGZTjnnCbUZWBMtLNCHpWMojQJzhyZhkbnUyXtyICDKBjCglilSWO
AezrXobxDskLeiDhbZLxDsLGvQDtvBASWFXvAivROPREuywsIJkUtzEPYOzduQKZUgwrMCQgxcNzvAPmzYlbqxMENnWJrZZGeZFbScOibswNSfEJYIslvPrC,AezrXoMxDskVeikSbogxDsBGvzDtvBASWFXpAivROPREuEwsIJkntzZhYOzduQKZUgwrWCQgxcNzvlPmzYlbqzMENnWJrZZGeZFbSKOibAwNKfEJYIslvPrC
VnjcbtREnQmnRHfujreIqGggUjknsISbPUXxaFPkZwNkQyCKYqyltYtnSOafXDVpwcMRauNhViyfHymxAHVCtodmkOFOUoBLgyCHYeShbslJnJyFtPFlguxP,VnjcbtRPnQmnRHHklreIqGggTjknsIrbyUXfaFKkZQNkQyCKYqyltctnzOafXDVpwcMRauNhViyfHymxAIVCtodlkOFOUoBLJQCHYeShfslJnwiFtPFfguxd
NFiiMunLYcoJzmNJBKJmbeCSpzlBnCVyGEILEHwMKfICLlsxYEgcRUfOdPhkFGjppiRmwEdMcmZVHBppBKUEDsQeSMwNnRfcDXxdtHXTLRbrZFmFaaavQDuf,NFiqMunLYcolzcNJBjFmbeCSpHlVnCVyYJILEHwMKfIwLlsxYEgcRUfOxPhWFGjppKRmwEdMcmZVHBppLKUEssQeSMwNnRacDXxdtHXTLRbgZFmmaaavUDje
tNOKWCVsioDZcaYVzOIymcCTXjEtfoavlAunwqAURiVQFxalrYmMbkdMJdXPnlKCikmcYBwhDawiozkNdxuoURNUYmQvJfcCdVwrhoFOuqCsZJmoHLPDuZRy,tNIKWCVsioDZcaYVzrMdmTCTXjtCfoavlAuGwqAUNiVQFxalKYmMbidwPGXPnlKCikmcYBwhmawiozqNdxuoURyUYmevgfcCdVwrhoFORqCceJmoHLPDuZRy
CtfwFcmIWmtFZjWxMMvAXQSYnIZOqqMcxrFLCqMeGLqpJbzaUDKTBQdYSXmaAFXlkabYtKppDYXjkbCHkasPKFebcrDAeePiAeDbCHLyLHomSSXdiHPdkBXG,BJfwFcmIWmqFZcWxaMvAXQSYJIZOphMcxrFLOqMeGLqpsbzaUDKTBQdtSXmaAFXlkabYtKvpDYXjkbzHkaTPKFebcrOAeiPiAzDbCHLyLjomSSQdiHLdkBXG
KFltnSDGuFPCMqJYBsBWEROChhQWguZUnjpqmBnTviExiYxKEmXWHTqWuCEVoPUxPWuSJgmsOieIIZeEAoQKSWtowCDSLTmjYNxRQmiPAhLWOMRhKusFAZpU,KFljndiGuFPADqJYBsBnEdOChhQWguZUnjpqmBfVviExeYxKEmXWHTqWusEVoPUxPWuWJgmsOieIIZeEAoQgSbttwCDEXTmjYZxRxKiSAhLyOMRhKucFAYpU
HyGzYLSBcuxWSeToQyvaKHaZmIpWPfZcvVDFeGqvbJSgnjymFMchtzvFjdHDqunesfhmJMPVESXkOHXuMIRxouAnXMSZxCIBzCbqGIuwaxWfZEBTZPXQtSyr,HyGmYLSBcqxWSlTIQyvaFHOZmIprUKZfvgDFeGqvOJSgnjymFMchtzvFjdHDquntsfSmJPPVESXkOHXuMIRxouAnXMSZxCIOzCWqGhvwagWfZEBTZPXQtSqr
vEIKTbloMNAqwSVdkudQgvvyTvwRGdvppIkMxTwAsblnLaZievHhgXZrAvkLVZhVQurxVaPqUiNDZYlzqmNAUvGcnaqKkWMyaZgibCbVkjoSPeDBUPMzraGbvjcTf,vEIOvbloMNAqwPVdkudQgvvyTvQRGdvppIlMxTNWnblnLCZievHhgXZrAvkLVZhpQurxVaPqUiNDZYeaqmcAUvvcnakKkjMBaZgibCbVjjoSuKDBUOMzIaGbajcTf
BiBRdlHgqgkTmKnALjuWyRQbMrnjxhNYGHlquyECzhozWROnSsJVzOiSxPildSOtUQltJUkwliGnhEGsjazgArZAJDFXCuWaIPesOEPYeEVLKSdlSFoMnuyYjTHcO,BIaRelHgqlkTmKSALjuWyRQbMrMXFhNYGHlquyECnhozWROnSsxVzOiSxPilfyOtUQlOJUkwliGnhEKsnazgArZAJDFvCuTaIPpsOEPYeFVLKsdlGFoMnQyYNBHcO
xAQUZvMXyxOwUFxUbSEPoOhNqhquViJANuBBwenkpIIMCIguWBDUNRUfBlrrDjfWYdKdIMpbYVnablopENkKUFqjxkTdcWkjzbAITucinFLNrkXICSnQkDtDuuaFo,CAuUZvaXyxOwUcxUTSEPoOhNqhquZiIANuBBwLnkpTIMCIguWBDUNRUfBlfrDjfWYdBdIMYCYVnaklopENkKUFqZxkTdnWkjBSAITucdnFLNrWXJCSnQkDtDuNyFo
HhZFsXXoCqaaCKupnNeGTbyQEHDgkzrCSFMuECZGZNlwlHvJWKMKsBoHOXwzJEeSTaJeqgImdRWVDVVSrAjNufoqXarlEAcQDeusjYrYRlFXeYGgurcNihUDUKGZm,HhZFKXVoCEaaCKupxNeTTRyQfHDgkzrENFMuECZGdNlwlHvcWKMKsoLWOVwzJEpSTaJeqKqmdRWVDVjSrAjNufoqXarlEAnrDeusvYrvRlFXeLGgurcNihUDUKGZm
mTLFopiozgitgQWizhcvzlMDZGvualqcCfBlzvvZgvRUVVilJveItfYuGYLSStKNzYJIqGFiafTVixyGOlmbSobOCRTrKXLqECyOOMfmXZBvynUZWbGbsiYOqekvI,mTLFSpiozgatgQWizhcvlhMDZGvLnGscCfBlzvvZevRUVVilJveJtjYuGYLSStKNzYJIqGwivfRVixyGOHmbSjKOCRTdKXLqECyOOMfmOZBvyulZWbGlsiYOrQkvI
AKXewNjNKgosLJvcEXlSKrrWxREewpZazkwSZnQwUqzdNaoNGeQHWSaLZQysRtmYVSSnWsRTlZXSoiLSXYurctVJRJxQPwVMTfNcwpRkETgStXwrfZxZRLBXgnQMc,AKSewNjNKHLsLJvkEXlCKrrWxREewpZazkWSZnQwUqzdNaoiGeQHWSaLZQysRtmYVdSnWsRTMZXSoZLSXYDrctVJRgTQPwoMTfNcwpPkETgStYwrfZxZJLWXnnQMg
jUTVxwrWltuhGjdPPcyQCeriUJHVIGRZhBJeaQeroBIVajTNdEzFHeHurkuUsIglEfiaOPvpCelXOODGJufuEsSnCysGrCvXLGhlvxmaiSavcSnIgEZbHeEqNTxDA,NUTGxwrWltuhGjdvPcvQCeriUJEVIVcZhSJevQeroBIVajTNtEzFHeHurkuUsIplEfiaOPvDCelLOOUGJufuEswnCysGdCSXLGhlvMsaiKavcfnIgEZbHeEqNCxDn
zXdnjePrRpMyGuRTotKHDSPnvWqkAbmaeDkCHnYBljnViFHaxsbETPvClpGVxASUcSbmpUVuNMlIVqRefxDvlsqBpaPwLdTzYzotQmDAQmsYxbnGnuepBnnJKHIKP,zXdnFePrRpMAGuOTotKHDSPnvzqkAbmaeDkCHnYWHjnViFHaxsbETPHCbpGVqWSUESbmpUVuNMlIVqReXxDvTsqBpaPwLdTzYzotdmDAQmsYxbRGnuHpBRnJKKIKh
qHuxAjlhDgfsNmcQoqCfIrYgCvKHynhBNypnozUksddNkDkwPVYkDzuDQOnXohLYCthVFPHMOzUJwtAdOHgJGgvbIiVtHCUHmbdZWnAkTwRRpwZDvGHLqyZZjJlBX,qHuVRjlhDglsNmcQoqCfurYgnvKHynhvlypnozUksdwNkDkmkVYkDzusQOnXohLYsthVFPHMOzYJwAAdOHgJGgvbwijtHCUHmbnZWnAkcwVRpwZDvGHLqyZZjJlVX
fjUylhGmEHjVnEACgPVGfXLmCBuNfHlrvqOLPCUZoifmQymMcrcesDPbpamMcDkaNnnBvymOfcpsOzXKZpnjKjnpoXhdnZsUuTuGuKMrjijTrAaoHaqlbqMYWNzMF,fjUAlhGmELjVnEAKgPVGfXLmfcuKfHlUvZOLPCUHoifmQymMcrcesDwbptmMcDkaNnnDvymOfcpsOTXKZpnjKjnmoXhdnZsUuzuGuKMrkijGrAaoHaqlbqMoWNzMF
kgPMnqDiphAjDAstrakFyQJfGCwwGgdpkrUsIXKkTjNjwKvhOBAXysvixXJpBEWACFWtcYAhQnUJJpcExsvkiGTPOeFRmbSTvBuXzFQqzVjSLDGUxYyyxpRVeqJoftJUKO,egwMnqDiprAjDAstrrkFgQJfGbwwGgdpkrUsAXrkTSNjwKvhEBAXysvixXJpBEWACFWWdYrhdnUJJTcExsvkiGTUOeFRyboTvBunzFQqzIjSLDiIxYyyxpRVeqJoftJUKO
gptxiYbjrhrpatRgDKoLHzhyVyFxhwbJlUrfGwvlvxwsZolXAFGfzASyrxDAJXbnJcBokYPVqsInLDKRqyfXSPOEMPFeXBjvETVWLDsjXzUNEPaudlixFKDGidEJebvCVr,gpRxiXbjrhnpXtmzDKoLHzhyPyFxhdbJlUrfdwvlQxasZolXAFGfzAqyrdDfJXbnJcBokYPVqsInLDKRqyfXSXOEPPHtXBrvETVWdDsjXzUNWPaudlixFKDGisRJebvCVr
sqYJRgTSkLkTpZdHszmUtYUxVfjbwdtddZlIEonxhVIsOJbOsrvyhgQhIKPPmxCIbqVMNZmnbNBquFgHzLzDMxbfdHKNnstJqnpYlzzYQTiXywROkRLdQynNCdOONvjByF,sqYJRgTSQLkTpZpHszmWtYUxVbRVwdNddZlILonzhVIsOJbOsrvyhWQhIKPPmxCIbqCMNZXnKNBqYFgNfLzDMxbddHvNnstJqnpYlzEYQTiXywROkRwdQymNOdOONvjByF
BUpsQMqkyZioTyrirDeJbgprZudnMSIgSdaFWcWGmdCANOzvyoXzHqJihnLMqySxRAvmdpfnvmbYAbdqSPhLKXmGNYosrIrmCWRnydQcAZseTeEENkIyPLFgTfKVtzGMHt,BUpjQMqitZiLTwrirDeJbgpaxudnfSIgSdaFWcWGzMCANOzvEoXzAqJsKnLMqySxRSvmdpfnvmFxAbdqSzqLoXmGVYosrIrmCGRnydQcmZskTeEENkIyPLFgTfKVtzGMHt
aJqTDpXxBpYMrERJAkYRBOeGKtyHZJxajeVDDFSqJOXcCBcdyFosyvxJilaqsqtNofrWngRMrBFdtVHmYHdCDVvehsxfxNHjzVtSIZPqIJLQkGwXifYhYJyoKwzqoKJfxr,aJqTDpXxBEYMrERJXkYRBOeGKtyHZJxzjeVDDFSqJOXcEDbmPFosTvxJilaxsqttvfrWngRMrBFdtVomIHoCDVvShsxfxNHjzVoSIZPqIJXQkGwXifJhYJHzKwzqoYJfxr
qJczlEfYJsjJWUqPHUSxBcEMmkFSMfgfoDMxCIzUUGKJrDaFOSEymKTUKDzFSDQLmVLDnfLdEKemXFiwSVoHIMggdjzlcwpOaIPJIKrMAOdZnbUhIWoCKcNySWtcuUZWsZ,qJVzlEfYJsjJJtqPHUSfBcEDwiFSMJguoDMxCIzUUGKJzDEFOSEymKTUKSzFSDSLmzLDnfLdEpemXFiwSVoHRMggdjzlcwpOadPJIcrFDOdZnnUhRWoCKcMySWtcuUZWeZ
nUoYjvTclFBaLQbxyrGJXNvQGCaMtEAZwpxIUFxCaDRqgrDKkYtSSrnuJBlNcYerjlcxZofLsGYzkwzWTFBHLCNPQJnulEDvdFuYyeakTEqSySjJIzAZiofxCVpHzqoIQF,nZoYjvTcHFBNLQbxyrGJZJvQGCaMdEAZwpxktIxChDRqgrDKkYtSSwnKJBlNcYerjlmxZofLsGdTkwzWTFBHLGNJQJGuaEDSdFuwyeikTEqSySjJIzAZiofxCVpHzqoDQF
pVhYxckMmtbpoclUsYfiOAZSWHxrRrNRZRXlYZpRyFFkRYhWQJTxAuYphOUvdpykXHLPpjAsPlFhYPDbVUTwkjMlfztnvVWoBhIUCVwvwkJvbahYjBlUaHjNsdfDhwGUtN,pVhYCckImtbpociUsYfiOAZSWHxrRrNRZRXlYZpRyWFkRYhWQJTxAuYphOUvNphkXHnPpjDsPyFhYPwbVUOwkjjlfztnvVrfBhIUCHwXwAJvbahujBlUaHsNsdRDhwGUvg
GVRlnAevhUTAzhiniJPXKjwdjKbEQLfGiFuWqCoTpiuEpebZTcnkrssfVHgdDQSAIIijfHwtkcBhVniAqBlXaqJEfxwMtzWBysfDbwnhNsETdpMIkfnlWDURdVFjBNUBMO,GVRlMAevhUTAzhYHMJPXKjwdjKnEQLfGiFuWqCoTpiuCpebZTcJkrshVYWNdDQSAIInjfHPtfcBhVninqBlXaqJGfxwMtyWBysfDTwnqDsETdpMIkfnQWDjRdVFjBNjBMO
LeESijDMAnGJCIFnUBOHwPPcltmrUouRGyBqiZRkaOUxUJHwExCfPMvUwhSGSBwMZfIxxNYtAWnsKdBjYvjHpSqmFKuWyVZCSoyLUtPgrNoYFFfDCzYmSLoFVeNIRJjBvC,LeESijDWAnSJCIFnfBOHwePcltlrUouRGyBviTFRaOUxUJHwExCfPMvUrhSGSBwzZfIxYNYtAWnsKMBjYrjHpSqmFKxWyVZCSPyLUtPgrNPYFFiDCzYmSLoFieNIRJJBvC
PStzsLKktacgoloFZoMFOMwVyEnMrTXKKeVqBlJIWLVzzRwpUHHVfbgQsmPbPAwqThBPQnKVeOxomvCytzjanEECoBYOlxVsMvYUrSCEtvQnJrLAYrrgrAkqmjhBjuNLIUnoSLZ,PStrsLKkDacgoloQZoMgOMwVyEnMrTXKhJUqtuJEWLgzMRZpUTHVfbgQhEPbPAwqThBPQnKVeOxomvCylzjanEECoBlOKpVsMUYUraCEtvQnJrLAYrrgrAkqmjhBjuhLIUnoSLH
ocQdkVZRCJtVmZeMDPPhnZIORXpDpwxyTwngUMgHIFDuoRvXTNWBkthHgzQNuNpoPGBcJHrMItdqafdJUSxttmKXLYFoLUAPywkXxANGcqSdxsamZYNzSpRrYBFESIORctFTfPx,ocIdkVZeuOtVmZeMDPPhnZIORXpQpwxyTwngUMgHIFDuocvXTNWBkGvHgXQauSpPlGHQJHruItdOafdJBUxttmKXLYFoDUAPywkXxANGcqSdxsamZYNzSpRrKBFESbOIatuTfPx
ewoMTokuKqODFDkVuXybpgEoXrpDSaQTtrzkAwcveUPirLARGGVKqxwAziyvbmhoabzWXQghuQnFEJrYjBmqZmnZDLSKBoBSLnzLoaLtjPbxuvclzNjmEtPnMIhvfRLBUmqWYGM,gwoMTokuKqODFDktuXybpgExXrpDSaQTtrzklwQveUPiyLARGGVtqxkAziyvbmioabzWYQQhuQnFTJYYjBmqZmnZDSSjBoBSLnzVoaLtjPbxuvclRNjUEtPwMIhvdELBUmSWYnM
WgvTNcZhcOYWSWLJsQfODMbBNtHhdIcaohGRVeIbBubrKiBBNUxDvsuktuUXIfHqpRfBIkDUwxlofyxUayAhrIdiFMECsbfxefItVRzteLOdYIqSLiIgsinLJAgFOTnGPxwPcqk,WgvTNcZhdOYpSWLJsQfODGbBNtKhdzcaohrRVeIbBubqKgBBYTkDvEuktuUXILHqCXVNCkkUwxlofGxUayAhqIdiFMECsbWxUfItVRzteLOdYIqSLiIgsiALJAVFOTnGJxwPcqk
HynVAKFOBMegYjOvfLveRrSZndZfVnwlfTdGhoOOsTtFvmCoFJHnRKLQmgySrdjgyheHTVUZbWzBiAScybHtLTEPdAkKGOWrhbzPsNqqUCeAboCBfcXhLFADNKZobApzmYEBVdc,HyJZQKFOBMegYjOvfwvvRrSZndDfanClfTdGhoOOsTtFvmCoFJHnRKLQMgySrijxyheBTVUUbTztiAScyILtLTEPtAkKGOVrhbuPsTzqUCeAboCBfcXhLFFDNKZobApzmDEyVdc
yOpLmFYhAVyxEYdZYMOLXxBVLJnPRoLSYqycbfTXUIEGLXjsNKdAcPHjMKqvVejfFqkpNEeNgarbHuGcfAIliIBeVRyeXXXzeNNrEfDMbcxuDNKtOIEQPFtnXtGiwkEIhrqRxTr,yOpLmFYhAVyxEYdZYMOOXxBVgJnPRxKSYpylbfTaUIEGLXjNNKdAOPHjMKqvVcjfFVkpNEeNuaDbHuGcfAIlixBeVfyeXXXzeNNrEfDElcxuDNKtHXENPFJnXtGDwXgIhrqRxTx
AIaAkeUQeglRDynEKxHupoNfPPlvMqPcTlqwXTcNQrLQWNlqZfwhCiLwXlbLtmlCoGnQGDRJXymhyKRSiTSnrMPPIZBsjvAYuhajtEzazlOvzNmJRYApEhmCeIZhAUdpuncFNbP,AIvAkeUIeglRDynExxHupoNfPslvMqPcPsvwXTcNNrQQWNlqDfwqkNLwxlbLtmlCBGnQGDRJgymhyKRmiTAnrMSPIZBsjvAguhajtEzkzlOvzNFJRYAdEhmCeIZhAUdpuncFNbP
XxquQVbYIrXTpUXoFhZDLEFPvYmQgKtlMqVnNRcyQcFnLykYxQzmYROXABirUCqczESQsGdROTcXDMuAjwWkUqqhDyUGMrGYYaUPblYGaCgqbmEKpTXZGsvSSUgpgPeFujjVHos,XxquQVbYIrXTpkXoFhZDLEFPvYmQOKtlMqVnoocyJcFJLykYlQzmYPOXABirUCqcbESWssdROTcXDMBAjwWkUqqJDyUGMrOYHaUPblYGBCXqbmqKEXXZGshSSUgpgPeFujjVHos
djtlowdDBRNMxWXUcFYhbUuNHNIUAwBiGMCgiMUGviHzptDmRmatjMxbMYhBsKJfIHKofhdvrLGoDbDQRLwuyfEYmPnZSkxJxjgSmKRSOpTpchCJyACEaEKtZmRzqeOEzVdXtCx,djtlowdDYRstxWXUcuYhbUuNHNIKAwNiGMCiiMUGPiIzptDmRWatjMxbMYhBsuJNIVKofhdvrLGjDbDQRTwuEfnYmPnZSkxJxjgSmKRSOpTpchCExACEaEKtZmgzqBREzVdXtGT
SwekqhHbaecgvfwDUwajxcBJtftWnORORCsIyHsofhXvFFrShljiTHfVYxjOFpAJwBBeaHjmKNgvpyBVDmvqKpARGlpFJTjvMLhLaraPYoayzhovWuthRKWWTudJYrgvLwXvREt,SIZkqnHbaecgvPwrUwajxcBJtftWnORORCsIyHsofhXvcFrShljinHfVAxjOOBAJwBweaHjQKNgvpyBVDbvqxkARGWpFJTjvMLhLaraPIoayzhXvWsmhRKWWTudJYNgBLwXvREt
KKcSntgjTpiGilHLeocBPvaqgQSKagvuRXnfPWmBPACtVETEsaieQNPxwrmPNmveDKhAVkAEzvVhTIyupDOpgYkXpiLllKpLvHLPkgXgRMlAyGBEFvlICGoGaJkMQDDgLKIWrDceUCjf,mKcSnGgjTpfGiPHLeDcBPvaqgQSKagvuYXnNPWmBPACtVETEsaieQNUgwrmPomvTDAhAVkAEzvyhTIyupDOpWYkXpiLllKpDvHLkkgXgRMSGyGBAlvlIQGoHJJkMIDDnLKIWrDcFUCjf
PyMaPyLPOjCGDNHJrOHNDaGrUEvIJdNZtOEiYttWqHTlMQAvEdzBiIXOnyHvBZSDWqgJcCeZygcxeKzfnaddoHjeShUBOWqNREyrjHUMEfrGsQSpmubOTiPPqazqcYBnNjRqkiddObcR,PyMaPyLPOjCGDNBJrOHNmaGrUEvIJdNZtOQimttWqHTlMQAvsJzBiIXvnyevBZSDWqgbdCeZygcDeKzfnaDdoHjeAhUrOWqNREyriHUMECrGsQSPmubOgiePqazWqYPnNvRDkiddjbZR
kOorilxsVYIGeuLAOJwYmPWqHpSlEEKlaWHGazueISNDumPtWaokfdluqyGEtcOVokzosCcTMOnePEqTFmawEYkibzmynyfTWugIHuYnZcmQKuqmNNnkjXhNlBVqdbKvufFOIlzWjZti,VOorilxsVYIGeaLAOJwYrPWqHpSlVwNlaWHRazueISNDumPtWaokQdlXqyGZtcKVokzosCcTMbnoPEqTFmaJEYkibzmynymTWugTHuYnZcmQIuqmNNnkjHsNlBVqdbKvufsOIlzWjZti
dfvDpjEfiqyaXFkjLJSCyvQyGSWAfxLmfnqeFTWcoWnzzoVHuzgVwwKhQIuNxkBhMekHRuCTGMhyHLEthoicPChTuYRzniSJHBcUuCiGrGLoWkpAMbXxMYKYyiZpsFgBqcaOrxsZjfOY,dfvDpjEfiqyaXFkjLJSHyvQyGSWGAxLmfnqeFJwcwWnzzoVoszGVwwKhQIuhxkBhMskHRupTGMhyHQEthoHcPUhTuYRzniSJHBcUueiwrDLoWkpALbrxMYKYypKpsFnBqcrOsxsZUfOY
lFVccvZZhPivzBifQbPBjknVyuWyaqgQCOfqeNXwsmPqFbTzlhILfQAjdgGSsgTWWIuokDWSKqjSWGqgWtgazIBEgTURQdaQBgHveVmIOxkUKQRLkmmGfAsqIsBIlIoEwnQywprYKIbf,HFVcZvZhhPivzBifQbPBjknVyuCUaqgQCOfeeCXwsQPqFbvmlhILfQAjdgGSsgTWaIuokDqSKqjSWGqgWtgazFBEgXURQCaQbgsveVmIOxWUKQRLumrGfdsqtsBIlIoEwnQywprBKIbB
gLyBndontUEDOhrMEKBAwhhJZblAXlrdedeRbhKNlHBUloidtfXYNAwZUQoMkLboDWwARkoHBulNFckAVlJLnfLgOVestbcePDxBjEJjMAyMthxVqgLPMWZPbTJVmMWTstndnDAelCzU,gLyPnaontUEuOhrhEKBAwhhJZblAXEUdedeRbhKNlHBUloiFtfXYNASZMQoMkLroDWwTKkopBulNdckAVlJLnfDgObqstbcyPDxBnEJjMAyMthxrqgLPMWZPbTJVmMWTstednDAznCzU
thBkwXRrnVkmiGYzReGRdQLQxxQuuQMEIBejbebMRFNCZWNRyeOgnYJgQutQVqTvayKCnQODVCcqzGWcsmMznqGlzkyuttLTkTytMmOTIJiHWjpTtbKQRUYnIKDMlzhaDiFlWQbioIcp,thGmwXRrnVkmiGkFRmGGdQLQxbQEyQkEIBdjbebPoFNCZWNRyeOgnYJgQutAgqTvayKCnQODuCYqzGWcJmMznWGlzAyuttLTkTytymOTIJiHWjLTtbKQRUMnIKDMlzRaDiFlWQbioIcp
jqVegbkSNQEumqZUjpmGCDVpQedvBEyQwBjKGEKxDdxqWpQymuPIkKOXnIfyjMmkBifvCYUGcRMGyDNjMerxlLZtQtDozZZjAZfenybJxAMPmiimOwhkqkTCrxLCEzucEAfnNfelcuSs,jqVegbkkNQhumNZVjImGCKVpQedvBnyQwcjKGEKxDdgqWpQymuPvCKOXnLfyjMBkBifvCYUGcRMFmDNjMerxlLZtQtDoDZZjAZfenybyxkMPmiimOwhXqRTCrxLCEzuqtAxnNrelcuSs
mGkpDtooDPgINrCDaUOWbHytaqlKRZfPVxGeOwZuQQBAOQYedsqCxOuAuatAKdhtEobLgfDRcpOqIqBepbGMsWlYEBIMOGbranjslkHAhPyZfKQgddZyRJBqGanekFVskGKwnwwTzSFK,mGzpDtooDPgINrCDaUOWbHytaqyvQZfPVxGeOwZuPQBAOQcedeqpxOYAuatATdsOEkbLgfDRcpOqIqBepbjMsWlYEBIyOxlranjslkHARPyZfKQqddZyRJkqnMnYkFVzqGKwnwwTzSfK
yyuqfFyhJazfHnbHkmtqtOYrNMzoazwySTvUdgKWEKeJocIOARZSpJMpAMOJnMxTrzAdwZleFsjaNXcgBCvzTifQouzKtXBBYzWaBjEFXcmWKHQddJXZoaltFXNYTwXfXIuWNVtwZHgI,yVuqfQyhJazfHnbHkmtqtOYrNMzoezwjSTvdCUKWEKeJocIOARfSXSMpAfOJnMxPuzAdwHleFsjaNXcgGCvAIifQouzKtXuBYzWaBjEFXcmWKHQddJXZoTltFXNYTlXfXauPNVawZHgI
BDQcKAvyniOVQuLtJoRJcnYZxygYDlKAiuERdYJPHZLlAcuhEASXbOefmBRCVvPulQFfYSnEuVgfJMsrMuGGyFQfkQEHDzdEUneIPtqWlgsirNQgpaLdTpaRRybwLqfgMvcXzztAlipOmlEMm,iDQcKAvynoOVQGLtJoRJcnYZxygYXMKAiuERdrJtHZslAcEhEASXbOefWcRCVvZulQBfYSnjYVgffRsrMeMGyFQkkgEHDzdMUneIPtqWlgsirNQgZaLfThaRRybwLqfgMvcXzztAlBpOmlEMI
qMuWcLZqnCVBnrTvHUZhkmxciBZXWXJmkwvkResPgFEDASMiDvpjwmTBKPtPpXDjmhxNwhzRxfMwNjbqYfuTNOHiwudVtSLjXpqRhxbhhoFUyzDjzfzhUzJSeMEjQQBwSTQXlvNfEAolUYRWO,qMuWJLZqnCrBnrTvHUZVkmxYiBZXWXJmkwvkREsvgFEDASMiDvpjwmTBbytPpXDjmhxNwKzRxfMwNjbuYFuTNOHiwudVtSLcXbqXQvbhhoFUyzDKzfzhUzJSeMEfQZBZSTXclvNfEeolUYRWO
tSYhzdTVTBCXeUQhZafeWHyDFYGOGhrYUwYFkajssWFfkkZopqohXVJJCAZsZepVScHEZYyLaRsLLOiTgrccxHyipdGSZluYYfIBeHVCHKCmwtwWtMmJVeKhqciTfokCTgjvEMWbRilNmbayz,tvzhzdTVTBCXeyQhZafeWHyDFhGOGhrYOwBFkMjsVWFflkZopqohXXJJCAZsTFpVScHEZJyLaRHLcOiTfrcIxXyipBGSZluYYfITeHVCgKCmwtwWtMmJVeKhqciTfokCTZjvENxbRilNmbayz
kAJbLKVWAKJYwmHERpXScAugqWyUEXVeeOSRpsMXnUpPKkmWpePVOipEuuLmunrpFOWnCcUgUTAxSLqsbChNpnHcafOVQuKWumMdDhLIahONvsFKjmKDtqLnNnJpsGarHwEajHJimYOzsiQOG,kAJJLKVWAKNYxmHERpHScGugqWyUEXVjeOKRpsMXbUVPKkmWpePVbipEBTLmunrwFOWnChUgUBAxXLqsbChNhdHcayOVQtKWumMdIhLIahONqsjFAmKDtqLnNnJpsGarHwEajHJimYOzsiQMG
LpRLWYgnrIChEEjHGCHxqrUICyENQXgMhpnXHjWXmgpvtgAghFPBwdNFNPhOEKwVIcvdiBhseOTAibRtVBhtKpbUwigcSBsgXEVMBkrMfileylanZIQUabMMbnKZebZCeoxXPMUvkGqCtdqCU,LpvLWYgnFACVEEjHGCHxqiUQCyxcQXgMhPntHjWIlgpvtgAghKPBGdNjNrhOEKwVIcvLiBhseOTApbRtVBhtKpbUwigcSBsgNEVMGkrMfileylanZQQFaaMMbnKZehZCIoxXPMUvklqUtdmCU
HUrIabaPBWSUYnJQVyKvwBLiweXgbtvUMeTjQBIrWYiFwMvYEZZnoajxKeUoKaDcqBxJeBEsmGexabfgbtvtrktIIBFkoEJrFluEueNHUCtPpqHpfMfbZuutZtlFtaRZLywZDAhAfzRhBigAZ,HprIabalBWSUYnJMVyKvkBLiwJXgbtvUMeTjQBIrWYiFwMKYEZZnoajxKeUoKanUVBxJeBEimGexabfebtvtrxtIvBFkoEJrOSuEueNHUttJOdHzfGfbZuutZtlFttRZLywZDAhAfzRhGiOLZ
RexdVFOYuiXCQxjHgNcGMbCAqXuOQhzkIugBrubvcTniILLlrBWgHXXEMZSqzyGVpuMlOUTBHTPcrgLvZDKiWknrkribeokMZkNlFOTntAoVcBWyHwVjGDEfYFSkiHMUMrQzvaJsSwPpXoCsR,RexdLFOYuiXCQxyHgocvMECAHXuOQhzkIugBrulvcTniILLihRWgHXMEMZSqzyGVnPzlOUTBHTPcWgLvZDKiWinrkrJbeokMLkNlFOTntAoVJBWyHwVjGFEfYFIkiHtUMrQzvaJQSwPpXoCsR
ZNezoyegBTudpddepwtpwuuHMBvGMIKfEXvSkaJiEWRDGusVOZbekwGfVyKWdVFQecYLuhgHDqLPykoZUWISGlqRdivivzLJDGIQDvPGHbSnpAyMDdzHenKnyxAWRsrIjtBAXwYlpKdbVnNrv,ZNezogexBIpdpddMpwtpwZuoMBdGMIKfJXvokaJiEWRZTuYVOZbePwGfVRKWdZFHecYLuhfHDqLPykoZUWISzwqRdivivzLEDeIQDvPGHbSnpAyMDdzHensnyxAWRsrIjtBAXwYlTKdbVnNrv
XuXDpexbNHzDQvZazZWCGbdmHwRSpoLBHLxmmryGvZNZctTsvBrBgzMtkvJwexNloPpSFbRRCcYObgClErdpSPQahJESvseZihXnlcwuMgVSZXLohXtxYuwUjGlBSCgnEzPcAyBAeyCyFqhzf,XuXTpexbCHtDQvZazZWCPbLmHwASdoaBHLxmmryGXZNsctTsGBvBgzMttvJwdxNldPpSFbRRCcYObgClErdpSjQahJESvPfZihbnlcwuMgaSZXLYhXtxYuwUjGlBSCgnEzPcAyBAepClyLhef
vJCAnlOFWFFigQLBrddxdDbBnKIfGYnkJasmTfmJlOiaDetmyLmThlkZTXwZvREovYTcSkXTYCeFSxgCXZgwNqTUUEbsvXeCGcuJNUPpqHqlqUNyAiNEiTfqOzopsnRWyuNpplxQBLRdmtHPI,vJgAilJFWFFigQLjrddxdDbBnKIfGYnkJasmTfmJbOiaRatmtLwThlkZTXwZvREohYTcSkDTYCeFSxgCXZgwNqTUUEbsvXLGGcJJNUPLqHqlwBNyAiNEITRTOzopsCRWMuNppYxxMeRdmbHPD
doQIsEMwpZhgOecGmxRLmAObRHGGeDBpqIsOavEDLtktleeIfZgmfYEzgNJUGdwsmixHsYSrmYHXzRftuPCOmgoNZgMiIZXVUgOMdKlPcQpjjguJeWgTOrjwZpVdOuzXRylrDjxyhODkiWfNEXGtCs,doQIsEMwpZhgOeQGmxRxBAObRHvGNDBpqIsOaZEDLtRtleecgZgSfYEzgSJUGdwNmixisbSrmYHXzRltuuCOmgoNZboiIZXVULOMdKlPcQbjnguJeWgTOrjwZpVdOxzXRylrYjxyhODFiefNEXGtfs
UZFcHSoXFDmJCZTbcZWUFHTxQqQeXcYwmErguFaOmcgzJNsZnSAfavSNgpSWtBbTNEVpQrZeUGYbbtLMTmNaaAePscYmnQiovxAtyEUpMkcOpmLyBYFovjNSgKEMPtmODDDvwBWRNqmpcqCZryVNGs,wZFcHSoXFDmJCZTbcIWUFHooQqQeXcuwmErguqaOmcgzJNsZnSAKLXSNgpSWtBbTjEVpprZDUHgbbtLMTyNaEAevscYmnhiovxAtyEUpMvcOpmLyBYHovBNSgKEqRBmODDDvwBWRNqepHqClDyqNGs
CIHdCYDEpyiPziKKTUiAfxpGfLSIkdhfBWvXgaDsmNBkmkpAQZBSfEnUMmJCRZjdpxXeNGrpnKyfeaUPhCCUGfxGGWtsiQoXrcqCBuALShXJBwIhQclpfPYXmoogEgYKCqpsGBKhvtcozdBfgKMkGy,ChHdCpDEpyiyziKCTUiAfxpGfLGIkdhfBWvXgaDsmNBkmkhAQZBzfEXUMmJCRZjdaxbiNGrpvuyfeaUPhCCUsfKGGWtsiQoXrSqCBuALSBXJBFIhQclpffYSOoogUgYKCqpkGBKhvtcuzdAiZKUkGy
DzvCcLUGSLoUSCyKHlZkSUSJblZMKwdKkPTzoaicrktxSOZSnGjqFXkWTmqvnDxFPlERAEZyJZzuuUYFuODsgdBbZWVxrqtcRMZdEaAYdOIxLmCejuwITPjWYzoFxCwWzLzsCGlkUlsClzhetbLscH,dzvCcLUGSLSUSCyKHlZXSUSJblqMKwrKDPTzoaicrktxSObSBajqFckWTmqvnvxFPPEqAEZyJZzuuUYFuODsgdBsZWIxrqmcRMZdEaAYdOIxLmCejuwITPjOYzGWxCwNgLUsCXlkUosClzhRtbLIcH
FYkiPlIguOfDtGqTDUPyAfmMFLpVframByYpqWqJsgHzdNwgxvHFlwcRhoPemUiiVvcbegUeAsxsxTiMzTuQrTkEkDSJAlxCtxAlWSaBTUwRgjACFJBHVoRANZabjgAOlrGJKtxLKemrjxJuHoAOCM,FYkdOlIguOfDtGXoDUPyAfmMFvpVfwasByZpqWWJsgHzjNwSxvHFlAcneoPhmUZiVvcbegUeAsxsxTiMzTuQrTkEkKSJAlxCtxAlWSaBTUwRgnYCFJgVVoRANZabjDAOlrxJPJxLKNRrjxJiHoAOJM
QRblkptvstCnJeyzeLcjwGeYJwyZhmyartfMygbuFCsYSwoglGrMXzaBeGmFwnjeRVEsIYqddpmGsnZHynXXWwrHivyIUEWxqQeQypgVFuxKawoCfrYVGYMNZPZfsewDOhhmPhrCRGKaNObPnKYxew,xRblkptvNtxnJeAzeLcjwGeYJwyZhmyQrZfMYgbuFCsYSwIYlMJOXzaBeGmFonieRVbsIYqddpGgsUAHynXXWwtHiveIUpWxqQrQypTVFuNKawoCfrYVGYMNZPZfsewDOhhmPhroRGaaNObPnKYxew
GOZihPXgEMyClrofKpDiWyamRnVTYMovnQBFsHNfVInWuGRShiiwpdxjGmIuAcKNdieHkFNjrpuwxVshdigaTvlSVSfubCCpxTHmQjJUQlBmxnMqIbdabMcmqkgWlbUFjEnpjkbsrJekmAaUxOiukL,GORihPXgJAyClqofKpDiWyomRnVRYMovnQBFsHNfVInWuGRShiiwpdxjGmIuAceMmieHkFNjrpuwxeshoigaHdlSVSfLbCCZxTHdQhJUQlBmxnMqEbdjoMcmqKgWlbVFOEnpjVJcrJekmAaUmOLukL
TPxujESKlIdxBAiFDeGVuNzpmqsZyWBYRxnrGubFCvKCLAMwdZMfhuuwfWoZnzwRcjPmkXoUWBDmfYyfRnskIEIdAqYrwxlTWNCnWNrhsRCNNeljxuExiJREKtMtANrWhbCASDsrLkdklHbxhQcJmi,CPxYjEbKlIdxBAiFDeGVuNvpmqwZMWBYdxnrGWbGCvKbLAMwdZMfhupwfLoZnznRxhPmkXoUWBDmfYyfRnskDEIdbqYrwxlTmNCnWNvYsRvNNeljxuExiJqEKtStANrWhbCASDsrLkdkSUbxNQlJmi
pGkFREVGaMdubnbpmusHxVAEDioQmYaSCZDPMIBWRbVEqScFjtoPffFncSouIQiPCmQFDsNzQGEwbEYgCweAZCdYyMzTjmDwzrHBZzDlltzSvKjGSORbsDrBcWxAfblLgEUFNkFxryXJCsYWpKhAMC,pGkFRESqaMdubnbpmusHxVAEDioQmYaAcZDPMIBWRbVOikcFjttPffFncSouIQiPsmQrDsNzQQEwbEegCweAZCdYyMNVjmDJzrxBZzDZVtzSvKjISORbsDrBcWQAfblLgEUFNkFxrFhJCtYWpKhaKC
KbOZudvzVpFpCEqMwmSBgtBJZCHOdcSbrOceJvauyzDtUgVDQOoEvWbdWVqrkkWeCGPsOxtrmpGiivXOwCSHSEpVQImoxpUcztiFcXVJZZpzGqDYpsyNzHDHuiEEEJKqbaXssORJSyCnjnvTMazLSY,KbOZudvzVpFpCEqXwPSBgtnJZCHOdcdbrOceJvLuyzDtBgVDQOoEyWbdWVqrkkKeCGPsOxtNmpIiivXOwCSHSEpVSImoUpUUuqiFLXVJZlpzGqDYGzWNzHDHunfEEJKquaXssaRJkyCFjnvTMazLSY
xahAoqmcUdevBwTHEjWOKFFiGtezHuqMDmkJLREHcCBOhohdsFlGtGHszBYtDRutRKQqVRSkzwochIUkEaAiybUVmuABWxxQDWJwVDaGmhuDGWJovHArpHPYLjOqNLqDXURjbQiWXJoublYQGReuAzYsdPr,xahAwqmDUdzvBwTHEjWOWFFiGYezDuqaDmkJRREHcCBOhfhdsFfGPGHszBYtDRXtRLQqVRSzzwochIzkEaAkybUVmuABWxxQDWJwVDaPmhuDGiJovHUrzHPYLjOqNLqDXxRjbmiSXJoubCYQOReuuzYsIVr
EhhFBVFFXDqudnwhmvYXPFzwNTZLlepHtuALdFTPgdXHysugdEXMlTvsXfmBbAYIDzLxljNrfqUGVDYVMDnQLLKClQdIpXoJapVimonIRKRpJKYYqHxIFtuZNiMFoPWBFQukalsdOxXBxjaiEseJhytKGzT,EhhFBVFFXDqEdnwhmvYXPFzkeTZLlepHtuDLdFTPgdNHyUugmyXtlUvZXtmBbAYIDzLxljdrfxUGVDYVMDAQLLMelQdIpXoJapVioonIRKIpJHVYUHxIDtuZNiMFoiWBFQbkalsdOxXBxjaSEsUjhytKGzT
WzvmTcHjaHCyVfywQpzpzGxKJyvANYbrieHOSZVmjSXzPnZysnwTDQJVRfqYolqMKdWiHqmfGWUvcQvkSkXhpCimXqPtZguOMjKQsHBDAJmTdsvVHWLjdXeIGEGjQoRRFpTosiqFmJOPeLyAlgDBBvSIArH,WovyTcHjaHCyyRywQpzprNxKJyvjNmMrieHOSIVmjSXzPnZQshwTDQJVRfqYdlqMKdWCqhmhGWUvTFfkSkXhpCimXJPtZguOIjKfsHBDAJmTdsvVHWLjdXeIGEGjQoRRFpTosiqFmJOPeLyAemDQjvSIArm
gduqNTmnXadhwpjAVUXMgBEhuspUpSkMpuKfHQhsMcFKMhpNvwuoIwtQrLVLdvpNDzjwXZBVRNtqXnMKdfHdzjKstWhBUfxdhxhIiKlxAhTFfutRsLSERieVGOpIHyQnmglkyvyYAYMOmrbFYVWvKmCCrse,gpYqRTmMmadhwpjAVrXMgBrKuspUpSQepgYfHQhsMcFKMhpNvwuoIwtQrLVLdvpNDsjwXZmVRNtqXnMKdfHdzjKsukkBUfxdhxhbiYlxAQTFfutRsLSERieVGOpIHyQnmglkyvygQYMOHrbFYsWvKmwCmse
JWqCIudEtIisioOcyUUjhSxBpQPrMFzkLOLBsxEGyBQtYRRKNEujgrqiAKyjZmDGzlmSZZYHEtvCjYZIlgCTbyqrFSriZnsCreaoFgKUwHbPDGQoPedxaYjNiMFpekUjydrZGvzyOCXfUoYjJgnpbISnEUh,JxqCIurEtIssioOcyUUGhSxBuQPrMFzkgOyBsxEGyAQtYRRQNEujfrqiZKJjZmDGzlmSpZYHEtvCjYZIlzCTbYqrFkriZnsCreaoFgKzPHbPDBQoPedxaYjNiMmpekPlysiZGvzyOCXyUoAjJgnpZISTEUh
kevxjCGrckaxcaFfTbVwjNTGkHkvjzeUJsknzVIGUUdyhczQFJtiropGbjtKrrdAzeBLimIMWSzJguoCjvbbiEVhRGXbDLDkrJMvaOLibibiTlWObKaEhxiLRkvgSDIVpMDpJUklOhvIHuBKohSwxSSYppr,kevxjCGrckadcaFfmbVXjNTGXHkYjzeUJsinzVIGUUdyhlzQFJtRropGRQtKrLdAzeBLimIMWSzJguoCjGeUiEKhRGKbDLDkrJMvaOLibiYiTWWOnKzEmxiLRkvgnDIVsMDpJUkpihBIHuBKohSwxSSYpEX
hrtcHvvkCeQQlagCBLaFxcelbOzVSwjilcYRoZQVsCGVEqTLBPbsRQkIgmJDOWRccqcFEZXdNVaUgTmtNxWrSpkjKwkUDULVQOdzaVaEMCIKDjrjHBtlIrxgxpKROaRTnLciBkdWaGzSPShsaPjGawJpEeG,hrtcHvvLCesQlagCBLaPxcexbOicswjilcYRaZQVsCGVEqTLBPbsocnggmJDOWRccPcFjZXVdMaUgTktNxWrSpkjKwkUDULVQOdzaVaEMCIKljrjHEtlIrxgxQKROaRTqLclBkdWaGzSPShsaPjCawXBEeG
rouFHAhCUefFuzKFmSoQNALBkQPgYEDLWOjsvsMEhzVcuFmvtpkfXhMZwkkfsvaNhDfRQozCaJuGKWoZBWiNissWkcATodsLowMVXXsgzTZQhLaMdKhQVhxAtVJnSgAeixtCOIFIJOvKbjRdBgzRZrrpkEo,rouFHAhWUpfFuzKFmSoQNALBkQPgYEDLWOjsvsMEhzVcgFLvtokfXBMywqkMsvaNhDmRQozCaJuGKWoMBWiZiisWkcATodsLowMVjXKgzTZQhmGMdKhQQhxyfVJnSEAeixtCOeFCnOJKbjRdBgzRZrVpkEo
yttckuWxyyNVGIIWaQLtXkYLCjzuvNyuWwsVsDKDRTpOpNcQLeZtRMAFHKBRRjIWIyzdFlbpYrgYUxwzItwFTbUowHfKxWTNiKjIARfAwqLaGdKKFgAiqYBTLDfpwazBnUNgnvNTNlQHotsaZJSwWndyDyJ,yttQkuZxyyhSGIIWlxLtXkYLCjzuvNyuWwJVwDKvRTmOpNcQLePfRMAFHKBRRjIWIyzdBlbbYrgYUxwzItwFTuUowHnKdETNiKjIAVfAwqLaGwUKFgAiBYBTLDhXiazBnUNgnvNrNlQHoMsaBJSwWndyDyJ
utWvmrEceMcqSLSlIMJvaKZmyTMJLKflOtYRPZnwOMeIPcygZJcAwDVDKvpFJLoYgKViYFOhsredljbTgBEHwRvqjeciAAnLuCRviUxfdxPaLZxHlHPRYZtSqiqUYvTjgHwuZRFidHGhOgOLgvMLCaxHHPW,utWvmrEPeMzqSLSjIMJaXbZmyTIJLKflOtYRPZnwOMeIPcygZJcxwDVDKvpFTLJYgKViYFOcsredljZTiBEHwRcqjeciAAnLuCRvYUxfGxPuLOxHlHPRYZiSqiUUYxTjgHwJZRFidHGhOgZLFvPLCBFHzPW
XaYpzgtFmQnfXHJHELCdaUKzBMkTNCOEEsMkAAZHNKlMfQJZeFiAiMXCEVdmPNNzspOjRvBObvmXdyBiXCuQRyePWsScgOOEnXMnrUFCVxGVBussKFIYFCYxHasvPuwJtBHclzKiTNgNamWzBNEsSqjZXeamYBBh,XaCpzgXFqQcfXHJHEcCdaUKzBMkTNCXEEsMBAteHNdRcfQJZeFiAiMxayVdmPNNwspOjRvBObvmRdyBisCuQRyePTsSTgOOEnXMnrmFCVxGVBussKFIYFBYxHasfPuwJtBHclzmiTNgNGmWzPNEsSqjZXeaPYoBh
qiUAfzGEeAZKRFaaGCchdJLsACsnTkUAPuxmiGuREAcRwKRxnvFhOSjPdKWXStHBcmDRLJcwzZamwGDvmSQBZogzUSOTitYCmgEoTPwrsHWoYBvSARLZXGnTKcWyNzTLlwsprqPynfNUxrHvayCBeMMUebPnguLj,iiYAfzGEeLZKRFaavCchdJLsAEsoTkWAPuxmiGuREDbRyKRxnvQhOSjPdKWXStHBcmDRLJcwzZOmwGDvxSQBZqgzUSOTitYCUgEoTPwrsHWoLBhkARLaXGnTKwWyNzTolwsprqPynfNryrivayCBeMMUAbPnguLj
hwXwZMByCpNuAQDuOUROtaoNcUJhpTiIOVYhPkxqGqTAsoPsUuLSTiFEJFcVsThDtfwSyxtGwiffBhaTwvvtiJcPiWGZXZejjJccmQuvFHBloeBQiNDzGZpocYqPMkhfYoWedYDSYzOjznmIhmJMfpjxSijgOYer,hwXUZMJxCpUuAQSuOAROxaoUcUJhpZiIOVIhPubVGqTAsohsUuLSTiFEJgcTsThDtfiSyxtYwiffBhawwvvtiJcPyVGZyZejjJccmQuvFoBBoeBQiNDzvZpocYqPMkhfYBWedYDSYzOjzimIhmJEfpjxSiZwOYer
iYhNZnDnpQsxJFagSEshxtmNSVGBfspspuKKGttpbbadYAErrSkpleFLPUXMCtyrCCiIrnylwVfbQGOEQPYMWRUjFpxaeLxGJKbNxYEyXhWodonNTdXCeuWYKwAzlakDmuQdvKqYFqluHuobUSoQzIFieFLmZdDb,qYhfZnDnpisxJFaoSEshxtmNPVGBfspspuKKGttpbbadYAErrSkhlejLPtXMCQyrJCiIOnKlwVEbQGOaQPYMWRzjFpxasExGJKbNxAwyOhWodonNtdXCeuWYKwAIlakDmuQdvKDHFqluHuobUSeQzuUiMFwmZdmb
ivlEjatbpFiuhrnfKZqLvmHsgrGxPcYkxCUpiKmzZrTPjRkXUmkCaOlKjXyfnFWOFWlkDDfivTCLpTDOSmzAsJpHohyKdxBlWfZOOFqitwhYaAtIicHpRbeWqSWaWHvwuFDyHsqSNebGIfrJcXosDqXmgzysSFnH,ivlEDatbpFiuhlnfKZVLUmZsgrBxtckkxCUpiKmzZVTPyskXvmkCaOlKjXyfZFWOFWXkDDfiHTCLpTDOSmzAsJiHohyKVxBlffZkOFqitwhYaAtIicHpRbeWIAWaWHvwuFDmcmqSNebGIfrEcHIsDqXmgzTsnFFH
pppsdTQVZyvFDDEYsGstUGCSrQzxSHRBSbbeyHObwqWruuhtXSrThuHlPdZBbRkGHWKnIunSThhRqHgEhhfVJUbTepVkivhqnSHgdhaeBJapabsAgBHStwmmScdrJALwnXUzOGlKEHQEFOEwwKTDqtPpgXUPqKUi,ppaTdTQrZyNFDyEYsGstUGCSQQzxSHRBSbFeyHOmwqyruuhcXSrThuHlPdZBbXkGHWKnIunSThhRUHgEhhfVJUbTepVkivhqnSHgdhaeWJapabsxgBHXtwmmmcTtCALJnEUzOGlKEHQEFxhwwKTDptPsgXBPqKUi
haVJTDZySjhfcSszgzccZDVBfTcogcyMDzvONmmTvDqMnLsnIqWNoxOlQfkVeaZpWJijtaIXAVuUYeAYLtVkFKuRkDmWRXqJSvWuNPaHgsSMScfzkEVNRZIiGidjTmJvtmroSZeKCaUUQNFpYGywAyfEAsMCcoTa,haABTDZySjhfcGszzzVcZDVBfTcVgcHMDzvONvmTvDqvnLsnIqWNoJblQfkVeaZVWJiMtaIXAVuRYVAYLtVkiKuRkDmrRyqJSvWHePaHgjSMScEzkEVNRZIiGiQkTmJvtmroSZeLCaVUQNFpYGywAyfEAZMCDoTa
PXJOMbLJUVZBcXYMDlPZWnjUorajjNlljRbdYwtVuMqAeaROhbtKbQyezjUgemmdeLJoDohsLLNvgrwaevxetfeNIPmvOBrmdChxWYhoXuqptMUloaxEXCNiBGmeACfwJjPgDvJaHcwgyLeUWhwXMbjouFmnkqmd,PXJOMbLJUVZBcXYMDgPZWnjUoZadjNglrRbdYwtVuMqAeanOhHtKbQURpjUyemmdexRoDohsTLNvgrwaevxeRfeNIPmvOMrmVCOxWYhozuqptMUloaxEXCNiBGmzACfwIjPgDvJVyMwgZLeUWtwAMTjHuFynkqmd
BXZYoCWLigHqSuXRQpKutEVaFnkVxfLVuRLZtexHWgUhNaZxEwiBxGuPXpxQCrJOuShbTgcWNEEoNAVNxhNVisVDIsTUTsthbHRcBeJRoZXbzFCZhjgLZNLlldJqykAYJCrlnejCxPkLvovbgWGslCtpHlAfysFV,BXZYFCWLFgHqSuXRQpKutGVaFnkVSfLguRLZtexlWgKhNaxxEwiqxGuPXpxuCrJOuShbTgcFNEEoNANNKhAVWsVyIsTUTsthQHbcBeJsoZXbyFCZhvgLZNhlldJqykAMJCrlnerCxzyLvoCbgBGslCtpHlpfysFV
dMaXmkBkGGYCHSuCFRgpVewlLbGZCEEixGkJlbDIdBUgzAgPhjzvfaDVYYZcPloLLqOMYWQYYGmVsBjDjKRvLYXraWVLhPoNEowtAUQVcXaYTYAZhQJiVGjeFwHzwRhlOlEbFLPQgExvSsNZWJmUJAaOxijdjUzm,dMaXmkBkGGYCHSuCFRgJVewlLbGZCEEDxGkJlbDndBUQzAsPhjzvfaDVYYZcXlSqLqOMYWQYBGmVsKNDjKRoLYXFaWVHhPoNEvwWpUQVOXaYTYAZyQJiVGjeFwHzwRhlYlEbFDPQgExtasNZWJULJAaOxiqUoUim
kSsVJkUaYQekOTYYcVzqqfsRrogRSrqfIAluGYhLNONugHDyaiCKkFCuMIngigLmiKaILvRYGBbcPlbChSYRFvnBMsNkNbATCZZWnvyqhlVtQRBRTwqadKieQZAOMyTOiZRwkdkXSYovLHxCaNTkLTAWQLQRsllJevONm,ISsVJkQaYQekPTYYcVzqqfsRrogRSrqwIAluGYlLQONugHDymiCKkFCuMrngigLmisSILvxBGBvcPlbdhSYRFvcHMsbsNbAJXZZWnvyqhlbtQRBRTwqadKShQZAOQyTOiZRwodkXSYovLHxCaNrkLTAWzLQRsllcevONm
tzwmcNuMOFRFYMhrqMQeLhyKpjaoarXorDnCzFFGcwbKqiHdBQWEOccJOEiowEqXWhXGhdrxsHrACPNBwMoqjbdQBLmeQPFxwCxtlzxwlUqkxPivuHhwgHhIdEJPVAprVaDWnRcIFLvQNZHKtBVRBYdzDglzUVJzJbILa,tzXmDNuMVFRFsMhrqMQGLhyKpjaoanXorDnCzvFGcwnKqiHdBJWkOPNJOviowEqkWhXGzdrxzHrBCPNQwMoqjrdQBLmeIoFqwCxtWzxwlUqkxPivuHhwgHhndEJPVAprVBDWnAQIFLvQNLHKUBVRBYdzDglzUVuzJbIua
WKTBtaVwBcetQzNqrTDOIwgdcBaebZTZmuLgffJanUapvtwKGDLKzEczUZRjKaiaIyczFRVYDveYiqnzpQSexOGWjLuHrDNIUyoUiZqPclPVxvjWXXBCjLxDBZZAMvhZcViEAvZAwbTOKXkHaLeKevmlQbCWQdqTwDYEd,WKqBtaVwBcetQZNqrTDOIwgjABafbZTZpuLgffJaZUapvtwKGWLdzEczUZzgKaiaIyczFRVYDEIYshnzpQSexOGWjLJHOSNVUyoUiZqPclPVxnjWXXBCjLxDBZZAMvhEcVZEAvZAwbTOKJknzLeKevmyzbCWjrqTwDYEd
UiMcmRiiNPTyfcOfvEiORcnnXCyNwgmWvqkOUXLVeiolPeRDZRtBxaJvOuRAQBRJBbBkhaQhxxoOEGzYDVvFYBkXLEFabikPzYKLUOOLVGuGlRKCkaRzzwXwSJkaiHMniYjYQmeUQvTZzDsyEgTsOnprMGfnJGtoXVUMT,UiMcmREiqPEyfcOfvhiORcnnXCyNyZmWvqkOUNLseiolLeUDZRtBxaJvOORAHBRJxbwkhaQhxxoOEGzDDVvFYBkXLEdabikPzYKJUOOLVNuHlGKCkaRzzwXwLJkaiHMniYlYgmeUQvTZitfyEgTsOnprMCfnJGNoXMUMY
ztdGoszKpkHTffyaQfecPrridchTPFybXEQeZItRSMjWWKlzOIxBgJNxXjXIzVVFhRsYcOLDcTWPAlGpadLurfAaOoqkggECcAllWefaLixnjaNlUzCgMDENQHIyZLTRTyuptDsKtYTCaNPwUInHKvYhLvHZEkvQTDqzc,zVglosMKpkHTffaaQQecPrrfdchTPFybXnQmZItRSMjTWKlzOoxBgJNxXjPIzVVFhRsYxzLDATWPAlGputLuhfAaOoqkgOECcAllUefepidnjaNlUeygMDENiHIyZLTRmyuptDsKtYTCaNPdUIUHKvYhLvHZEkvQgDqzc
GyNOBFQwPNtCmSYlpQlIaHJIOeTAmOdadaszQoWPndPYEFKlfChJOLgVsAboLfUyTrIiaobmDERtSALKvbWixUyTCRrhJxuIxaNalWzSpbjEKNDbXqxUyvjFvCbGOucwZVopsQIOgCHRPgtHrIAKwriGdbOJzgWvhGrFN,EyNOBeQwPNtTtSYlpQlIaHJIOeTAeOdadaozQoWPmdPYExYlLChDOLgVsAboDfUyTrIiaabUqERtSALKvbWzxUyTCRrhDxhIxBNaiWzSpbjEKNnoXqxUyljjvCEGOucFZVojsQYOgCHCPgKHJIAKwriGdbOJzgWvhGrFv
LxpgHHFFdlGVERaTeQWcpWZVnGtLEWMfJGJReqOtxLvQYRYGIgZXrDLukoVwJKdinEEYJkSYtvNAAOuXZsxlirQxeVQuugBNgNJweSpwmOeTYJAjYHNfQOTnxBDfthJRgoutZqGVZXeIPAPonbPfqkNSVbDXjjEjQfKcA,LxpgHHFFdlGGERaTsQWcpWZVnxtLEEMfJGJReqOtxPSQYYzGIRZXrDLOkoVwQKbinEEYJWSYtvNAAOuXJsylirQxMVQuXgAPgNnweApwmFeTYxAjrHNfQOTnxBDfthJLgoutZqGVZXeIzAPonbPkqkNDlbDXjjEjIfKcA
XzQsEKpwaRBxAIrKQsyhNEuvTuAyYRyqCaXXLsQZIEERfeyHPipUOKaTpkAbdFMFQoTamJxLjYSWFrGMCsAYBdYLyPdIzIWVCSOiCHnhFpiouZEmqwMBUXcTzPdPcBSlcsWSvISbruLRzApROMPdCVNQGZGKBxwmQwQvl,XhQsEKqHaRBxADRKQsyhNYuvTuAyYIYqCabXLsQZIEERfeaHPiJCOKkTpkAHdFMDQoTaMJcLjYSWFrVMCsAaBFYRyzdIzIWtCSOiCHnhFpioucjmqwMBUXcFzPdPcBSlcsWSvJSbruLRzApROMPUCVNQGwGXBxwmQpQvl
ZmuCQUnMlvWBWbIYzNbrymwNOCfxNFtEEmmiNXmQEIIxYsaHAHOLIRCUagfJKnkvDCgHTlXLwKzDfRepokEBGfRBnUMuraXWKYfOaYdKHNEuGqBuBrDVcmSYfwYRiPeQEeExFiAdRQtLWUtWxibdRsntYaHaaUPcFJbGk,ZouCQUnMlvOsWbIYzNvryiwNOCfxNFnEENmiNbzQEIIAYsaHAuOLIgCUaoRJKmkvDCgHTlXgwmTDfReDokEBUfRBnUMuraXWKSfOaYdKHNEuGqBuBrIVcXSYfwYRnPkQEeExFiAdRQtLWUXWxibdRsntYaHaaUPcFJbAk
kWtASPlowzazURqgZlbkfYcjRuUSzmOLMIrSfbQXZHirukdZXLCGtESNbLLaVUgZLqjajGZGCucIOxqBppABmohsgoysQxFFTFrsgHhhwvqCDfKiKMdohhgsCgrqxKPnijLCExwzDbMpalWICZnKcchDNkgQjIoHqDFMR,kWtASPlowzalUBqgZlfkaYcjRuUSghOLMIrNfRQXZGirskdZXLCGtESNbLLaVUgZIqsajGsGCFcIExqBppABCohsgoysQxFqVFrsgHhhwvqCDfKJlMdohhoskgrlxKPnsjLCExuzEbMpaNWICZnKcchDNkgPjIEHqDFMp
ldeogZoLrkSnYfWRIXnfeTMwWLSENxscjQDjysRBaTkhNolQnrmiMjcsabTQTJrEmoOcSdYMcjsXELGdnkKApBHtwnavZifckuDNJMYGPgrMhuTKTBdhCaReFIzAqCsuHNnHNMNEsyAhWBQxwkWBJueHqQyMqFPFUEZplzarAt,BheRgZoLheSnYfWnIXnfeTMwWLSENxwcjQDjysRBaTkhNolsnrAiMjcMabTbTJrEmVOcSkSScjsXELGdnkKApBHtwnavHifcnuDNJMYGugvMhBTKTedhCageFIzAqCsAzNnHNMNmsyAhoBQxdkWSJueHqQyzqFzFyEZplzarAt
zygISyCmDLWZOjIOCEQEPyEhEABmGhhuUMXlGIuZqkRpWYUXToUKfueHRJvmFvRObGQoATrMesybvZeyRUZnPFWVKyqwLQyqdhFJYfmNqXpISnFhdEvuezzYwtBEzFYREARtfGhoBOzTuRPkzGUXGCriyQkCwxSmVvnllbuKwV,zygISyCzDLWZOcgOCEoEPyEhEABmGhsubMXlGIuZqsRdmocXEFUKfuOHdJvmFvRObGQoRTrMesgbvZeyRUZnPFWVKyqvLXyEMfFJYfmQqXpISnFhKEvuezzFetBElFYREARRfGhoBOzTuRPAzGUXGCriyQkCwxZAVbsllbuKwV
qLebvBHpimMqhXLruVpgIIpiGfXJDiYhdoBcNUHXVVKSgSjvXXApEkFpiLCQopMZtHixeThxhJXsDKsildesThisFCEkQEqHDjrvfZjthgallMjxzpvljcWjSWryawWygxcWkRUxKbBahphLknJLFGdklakNRXUPpzsxfaIhJW,oQZbvBdpimJShXLruVpgIIpiGqXjDiahdoBcpjHXvVKSgSjvXXApEGFpiLCQodeZtuixeThxhJlsDKsildesThiwZrEkQEqPDjrvXZjthgallMjxzpvkjcDjSWryaeWyTbcWkRUxKbBahphLinJPFGdklaUNRXUPzYsxfaIkJW
VtRbBKHPHZEfatInpLlIhejKMPoeNANWzqpNDDCNJrvvobEVXTjSzsyMvuFMYCqtUFMVUQHaZoncuFbMVyOTOFEKFQXpghxwxKdtBiGRkXAxfSGOAVKXHTdwDkRIEzjUugdGEmPSOUjGPcMdRmexaCMZIqBSihDYuwbjyRNFuv,ythbBphPHZEfYtIBpLlIhkjyMRoeNiNWzqpNDDCCJrvvoXEVXTjSzsyMvuFMYCqtAFMVUQHaZuncuFbMkyOTOFEaFLXpghxwxKdieioRkXAxfSGOAVgXHTdwDkRIbzjUugdGEHPSOUjIPcIdRmeLXCMZyqBSiuDYuwbeyRNFuv
uvFaehKZSxVavjULedeDNQhENALMgiILLsovJankuBkBWnleeZrJPatSutTDALztdootWLpNwcmXnSbEcmKmjrzRFfnSKxhaYKYoazufBcmPlbPKuMczakDNdPYyMINrOeaXakMOxAzinXgPgEJlfyokIlXlaRGqJgNUcfsLuz,uvFaehdZSxVivjULBdnDNQhENpXMgrILLsovJankwBYQunleeZlJDatSutTDALzneootWLTNwcmXnSbEcmBmjrzRFfaSbxdaYKYFaeXfBTmWlbPKuMczakDNdPYyMINrOeaXakMXxRzinXgPgEJlgyykIlXlamGqJgNUcysEuz
VMviSFMJLPcJWcSHNSduuFmGhlADesklqnHDifnkCdzAzOKNuEbVzmluGDizWseewksCNWkOstLFhPDdbdzBTShYfVpOHuTtCzjsFBOrImuYhJfgPnCMLODbJiTQOziUBsnnXfZcNzEtFnuLbSvhlEgRaCiLWGLfkQbVuOduKK,VMXimFMJLicCWYSHCSdudFcGulADgsklPnHDifnkCdmAzOoNuESVzmluGDizWseewxsCNWkOstLFhCDdbdzBTShYfVtNHuTtCzjsFBOVImuYhJfgPzCtLOrbJishOziBBsnnufZcNzEtFnuEbSvnFEgRaCiLWGLgkTbVuOduKl
JnYYBqHGOqTMiDqEfhgjXBpfYmSrpCEUkLaEkZAQCYxzLLEzzBnWHvafBORPFMvUzLHVdQBaPNZUVaWCePVTHihJqwPgiSoQaHFkzOCBqupbzIQDRfRMnPhKqZLTlkGvkeaWxsXReWyUKYDdWueKVRnNNxDANpMPmiydudWtRS,OfWYBqHGOdTMiVqEfhFjXBPfamSrpCExkLaEkZeQCYxzLMEzzBncHvafBORPFMvUeLHVjQBaPNZUJaWCePGTHirHqwPgiSoQaHkkzOIBqupbzIQURdRKnPhKqZsTlSGwkjaWxszReWyUKYDdWueKVRnNqxDANpcPmiydudWFuS
VyinIhztyIYkPnEmJbwSJheGxROytatwyVPcYfIboMEeeVXgosueEVEGDMhMgaMZfxyOhBowcMDXhjBIrskitFrTjHzhbdKsAnCeLxWjaupzjokAsRfuGjJyoQHabCgRovUWxGOugbDtFpLvRuwOCNGKWrSheMYvzHWLoqQXzK,VyiZIhztyqIkPnEmUbNSJheGxROytdtwyVLcYfIboQEeeVXgosueEVEGJMhMgaMZfxeOhBowcMDLhjBirskithGTjHCebdVsAnXeGxWjaupzjokSsRfuGTJyoQXobCfRzvUzxGOugbDSHptvRuwOCNGKWqSheMYvzHWLoqQQqK
EVVeuUDgcKFycVSSavVZwykcDJoJTpKrEfUraFOtpzBetfGxKxrvvKWWLacQNObDhWysOgJOIEWaGrOuGcUAlDXTKLpPWgReAimiMMAHpWKfKEowZqjZDupXKhAIjTTiyoTFRRzaGmbZXbrUCwZzBKxsOjztAkGCCzwAvkzlyM,RVVeGUDgQKFycVSSavrZDykcDJoJTpKrEfUraFOtqzBeJlGzKxZvvKYWLacQNObDhWlsaGJOIEYaGUOVGcUAlDXTKLRPWgHrAiUiMMAHpWKfKEowTqFZDupXKyAIxTbiyocFRRzaGTbZXqrUCwZzBKxsOjztAkOCCzwAvkzleM
qhEZknDIhhPkzRrQvjjDmYzrjhetlqZBadrcvexpRanZFHMiXNsjvjQSXLqCvanHILUBBQZQtuxeeRvaatvHspwREqhAfoHPwCfPhWrvMOhqhvuXUfvKCNotHRUnoKOKYsBbSYEtzlZwsLEIhwwSHUXKgmMXdOfmyQyRDRPYVG,qhsZknDIhhSknRrQvjjDmmJCjheclqyBadrcEexpRanZFHMiXNLivjQSXLESvanHILUBBQZQtuxeenEeatvHspwREqhkfoHPwCiPMWrvMOhGhvuXUfvKCNotHRBnoKSKYsxbSYEtzlZwsNEIhwuSDUQKgtMXdOfmyMuRDRpYVG
oWWIarfhhpYrfueMDlRgZSAMyBnswbjCObOeCSHgLcGyPSPBaIAlMMOBAWiouTPEKVjaumqHLjCfKIvFbdMKaHOjLywoGNVukesGIunZQczDsqiLxMPZoMdUVuTwXdFpXCjXpZMUVyrSUeFpWgPOaLYUNAVEmmnOWmCbjraDZJMPlfP,oZWIarfhhpYrfueMDlRgCSAMyBnswbjCObkeCSHgLcGyPSPbaIAlMrOBAWiouTPUKVjaurjHJjCfKMvFbdMKaHOxLywoGOQukesGIuaZaczDmqiLxMPLoMdUVuTwXnFpfCjXnpMUVyrSJehpWgPOaLMxoAVEmmnOemCbjtaDZJMNlwf
FKJtdeEJCudKyYPdRCCnvkusZXffMRujRyXyeHLfNCgyljvsdSHPKteHfRfwilenCzyQNfnkWHduzoCJcxuQYCiSmEHLworWYlrQSMahLqADVHZDmcXLrEECqctgwUikqdmUCrNeSUzMizAtTPcIuweMfJmiVpXiSNGeDUjXImqbDrD,FKJtdeENCSdKyYPdRClnvkusZXffMnujRyXyeHLfNCgxxjvsqSHPKteHfRfcKlenmzyQWunkQHluzoCJcVuQYCiSmEHLwOrqYlrQSMahLqKDVHZDmcXLrxECqHtgwUiNqdmPCrOxSUzOizAtUPNIuweMfRmizpgiSNuUDUjXImqbDrD
lUEunAhfpIjmMfNTEvxbFCCjkYGEtdLOWnCSefBakIvpzXWZFNxJMsqqmvHGNyWnCnCbFxpPZDanBgCqxMopUHxvxgaKZzsYjkRejbLUuDmFuxyacxmCrxnZwcoRqehwxMWLnMBCvEfDfOmdAyVUpsfEvLsfuwGCcrsMKYbtJKiJJkN,lZEunAsfpFjmMfUTEzxbFCCjTEGEtdLOWnCStfBajIvpzXWZFNbJMsqqmukGNyWnCxCbFxpPZEanBXCqxMopUHxvxgaKZzIKjkRejbLbuDMFuxyacxICVxnZwcFRqehwxMWknMBCvEfesOmdAyVTPsfEvLsfXwOCcrsMKeBtJKiJJkA
hyhazoLmTLEGiSVlZmLPVTQQAKnyOtRfVPYEDRuVaVHVGrMyDcjUmIuFhVZijejFHYWOWRaKLNRKCQjiwEWTYNzsMusVKsRerPkDQSiSIlWIDupLQmgaDaDBGIIBkGoXIEHCYOhDRNxGwMbhzwgyRKjNFEhMIymVygqcUyocfdLYWqE,hyhazKLzTLEGFSVlZTLPVTQQgbnyOGRfVPYEDRuVaRHOGrMyDcjUqIunhVZYjejFHYWGWRnKLNRKpQjiKEWTYNzsMusSKqRergkDQSimIlWIDupLQmgaDaVBGISBkGJXIEjCYOhDRNxfwMzUzwgyRgjNFEhMIymVyxqcqyoGfdLYGqE
oTRMAwHqlqgrAATENXDTlIZwgXSOUOigzKHOITbWzrCDrXVtfUNENtOECRYykZNhLgEVSKRptTArHVgzIRWKNkxoFypibkbrcHFMGKFhRzZjNNiUKejKlWHNqdLpeqGXsYBVihTrUnndMyTUnnZrykEmUrggKRvstwIjFZZYHkmsSWN,oTRgAwUslqqpAAnENXmTlIJwgXSDmkigzKHOIabWzrCQrXVtfUNANtOEPRYykZNhLgEVSKRpthArHVgzIRsbNkxoFypiwtbmcHFMGKFhRzZjNNiUKejXNWHNqdLpeqGXsYBVihTrdnndMyTUnnZrykEmUrEgKRvstwIjgZlaBkmsxWW
DvNDfgdQcSOhXcZKiUYZMVSUyAZzUmrnBJAhFZZunaHXvuvXIYWeTkXVIjigkVHmVBrtYbPieCFHtTqaHiheWrMASDigCJNuNOSSOhxNZKgUQxicETOgWIGOeSnHzEiTSYAESyaHQOuTZnMUAtHaqmkDlOXJnWYfUVkfiFipjpuNVfM,DvNDfgdgcSOhXcZKLUYZMVSUyAZzUmrOBJAhFZZuuaHXvuMjIYWeTkXVIjegkVHmVBrgYUPVvCFHtTqayiheWrMNSDkkCJNuNOSSOHxdZKgUZxicETOgWIGOOSnHeEiTSYAESyaxQRcTZnsUAtHaqmkmlOXJnlYfUVkjFFTpjpXNVfV
YkzJEHdNkhfQZGubIHPCOURQTuYgFgJrgDKERNAzaHOFnMMXwMtDDACahgKCSdIsmXCPvPwcxhGVHOXtyniVnOpMWVTEeFIZCulkNtHxrUWKQdcoCkLCgexMueXkEmftOZPVGpHMZHvsYvYpWbxnilskicpfuvpvQsJiGMbcWBsmkcu,YkzJWxdNkhlQZGubIHPCOURQEDYgFgJrHDKERNfzaHOQEMMXwMtDDcCahgrCSdIsmXTPvPwcOhGVHOXtMniunOpMWVTEexIZCulkNtBxrUWKQdcyCkLCYVxMueskLmftOZPVhpHOZHvsYvYpWpzninskicpfuvpapsJiuMbcRBsmGcu
VYbZgelPydZjCHNpIcCpIQNjvDmKiXdRolMdAlBfQVZpEFRhhtHcvAOLfmNCPedJKtrMDaQyYgAAqzVYOidUCUFzOIiLGOvGPJSrrEnfhflFkuIOCeQgtNsuRSjQwFGKKrnmkalEhhSUUChHBWzrahwDjFclZYpSkSoctCCfqxfjarN,VibZgePPydZjCHNpicCUIQNZvDmKiXSRMjMdAlBEQVZpEFRhctGcvAOLfmNCPedJKtrMDatyYgAAqzVYtiIUCpFzZRiLcOvGPJSrrEnmhflEkLIlCEwgtzsuRSjQwFGKKrnmkalChhSrUChHBWzrahwDjJclZYpSkSBItClfqxfjarN
uSNEFEVMrGTCcJMbmjCISiQxCHNUJmTjhultCNkiYMcdUDXskbgfPWOFewSrmKIJzJJRepnyngqqAkDnKQzPaPzaFCaYlJkzsjMHWmUiYihcqvlPzaOEWnINNgcGGMHLnWwLgnxLXvutKIztwQdsXwIakuiDAspqTIFLOirzrEwRxXZ,uSNEFEVMrGjCcJxkfjCISiQxCHNUJmTvhultCghiYUcOUgXsWbgsPWOFewRrmKIJzJJRepuymfqqAkDnKrzrbPzaFCaYlJkzsjMHZmUiYihcnvlzzaOEZnINcIcGjMHLnWwLgnxLXvutKGzSwQdsXKIakuiDAspqJIFLOtrzrEwRxgZ
GvqhUmrezYmyTcAElolQxTfBdZeqpbcfhfmbGAZsStoQjLdRcdAuUFrDerzXiShVhBYDNiTxUiebDTTaBnzBYbnPXWmdibhjVFVoDWIuBREdGytvcypkrPHFDtAszabpKNGCoBIeSOiBTjYVmTAYRZDhPqOBfmvSjMXuHrEHYVAVfTE,GvqhUmrezYmyTcAElolNxTfBdZeYpbcfhfmbFAZsStoQjLdRNhVuUFrDqrzgiSzVWBYDNiTxUiybsTaaBnzRlUgPGWmdibhjVFVoDWIuBREdGZtvcyBkAPHFDtGwzaxpKNBCoBIeSOiBTjYVmTAYRZDhPqOBqNvSjMfuHrJHYVAVfLE
LmWPqhGjQMZsKLfaKScGyIXNZvOqQVqcmDIHIIWDmkTIXZjeVTFgGMnAGeWJMpImtfWFKiAsKsawwiiLwvwaaCEcTEqQqYHqPZijfTLpIBRbhqWHMDNeFDQJZBUFqnUDURIHBDKNieyFnfBVuUKloZigGidhdhOjMUQdChpFbfLfjgFqyuUo,LuWPqhGjJMHgKLfaKScGyIXNZvOqQVqclDITImWDSkTIXZjeNTFgGMnAGeWJMpIvtfWFKiAsKUawwiiLwvwFaCENTEGQSNHqPZqjfTLpjBRbXqWHMxNeFDQJZBUFqGUDURIxmDKNsekqnfBVucWloZigGidldhOjMUwdChpFbOLfjgFqyuUo
oboQWpxCFLKfBjPnZBFcUdCzdoLSbdPjTgwdYAdtAuXDxOWdnBTOsPFdeRsEGkNiqBwnhmldnXPdTAcvXyIMqeFWAbnKnpeMgLDDOjaCFqijWgpOPnCllUJriPIPzBWKelHbJNdHhdPpbfWTaPPNWtFlYkBQECcRRfIbKiUtfghhymKbhBQi,obGQWpxCFLKfBfPnZBFcUdCzdoLSvdPQTgWXYxdtAuXDxOWVnBTAsPFdeRsEGkNoqCwnXPldnXYdeAcvXyIMqeFWAbnKGkeMgLDTOEtPFUieWgpOPnCKlUKrixIPjBWKelHbJJdHhdSprfWTaPGNWtFlYkBQECcRRfIbKiUtfghhymKWhBQi
MgtHJtfPbxolnsBLwmcANUhQCkFViNGqXPefWcZprZMLgpnVrblkMfwQHZTXQJvObSRSXJcebsRAHqIZSxtgjBMVLGweonCEPJdMDDNWBLQTEkFeAdNASiszTCRNflWFLwIXEcBmuTolXJXIKZhdqREDrScimFWYOwZtUiGluikBgnHHpLvs,MFtHbtfPbxolnpBLwmcANUhQCkFViNGqXPefWcqprZMLCpfVrblmMfwQHZTXUlgObSwSXZcebsRGHqIrvxXggBMlLGweonCEPJdMDDZWBLQwEkReAdNASisPWCRNflWFLwIXEcBOuTolXJXINZhdqLRDOStimFWYOhZtUiGluikBgnHHpLvs
REfzhJNuHtWTfyrALrcAsODZQIySzEKMTElQWvAmmRavercPcFFgtyFCXJlfYvQjNyNHbVSVeTAzAWUUYKiYjpGbfEVvVZDTSGCKUjRkxpuDEdWxGGIcTlVWoXpqNVgsvJjGeKSVBMfgExTZwwaxpZUNbTbhnVqNJkrARvlRECgMftnUKowA,REWzkJNuHtWTJyrALrcAsODZQBySzEKMTElQWvHmmgOvlrPJWFFPtyHCXGlfYvcjNyNHbVSVeeQzAWUUIKiYjpGbfEivVZDbSGOKYjRkrcBOEdWxGGIcTlVWoXpqNVgsWJjGeKSVBMfgExyZwwaxpZUybTJhnVqNJkrARHlRECgMftnUKoWA
PzzQMccgGdckhlcOiIPywHvVMpaBDWwBvtYDYioxgBlOiFUHcEMWzWYFKsEzmZEPpeLXoRUkUtcnRdUDLNLOZEkVyIfwlMSUBgbpHcsDoSkPSoIkLGoIDwmleGHNMZwxeIkJgxnwUGhcsixlceyrEXWuohxOCsvUptMEyxamAJJoTnPFTQSk,PzqQMccgGdckhlcPiIPIwHvVMpNBDWwBvtWuYioxgBMOiFUHcEMWzWYFKsEznZEPpTcXmRUkUtcnUdUDLNLOhEkVyIKwlMsUBgbpHcsDoSkPSoYkxGoKDjmSeaHNMZwxeIkJExnwIGhcjTDZceyrEXBuohxOCsvUCtMEyxamAJJoTnebTQSS
lYmZqXFoDKxuGgGwGORPPCaLPNHYDbixOEMzeMSNKbNzxQRSlaWXBcYKuWCBVVcfnTUerltdcLshAxTWSnQlvUarTzXbiAtecSjeRVTiXWTHtSFyGWyrWuuLvAIwCeXfmzKetndmYMYkXQyKzIEtkAVTaCwSQCYCHqtZgDcTYzikPvVmHEmo,lYmZqXFoDKxzGgGwGORPPFJLPYHODbiZOzMzoMSNKbNzxQRSjWWXBcJKuWoykVcfcTUlUltdcLshAxTWSnQlvUarTzzbiAtjcSjeRVTiXWTHtSdPGWyrWuuLvXIwCeXfmzKeSndRYMnkXQyKzIEtkAVTaFwAQJYoHCtZgDcTYuikPvVmtEmo
mXKzEcKIghkqmwVYPsbfJucgJimhjHZIqbDgXwegezTTfJWbDANNGeXZFFHWWdyAuvWmPZqLlqwfDxlmioHGgiMErlGOKNtDjLrsSYTqvtxgDGfPqgBAAcaxogqwqzgylLVUhLrEwLVULDjqoldfEcPWYwiqzlgOQpssTfYyzbXsOEjIqCpS,mXKzEcKINqoqKwVYPsbfJucgJiIFSTZIsbDgXweQezTTCkWbDzNNGCXZFFHWWdRduvWmTZqLJqwfMxlmioHGgiMErlGOKNtDqxrsSYTqvtxgDGfPvgBYAcaxogqwqzgSlLVUhLrEjLVXLGjqoldfEcVWYwigzlgOQfasTfYyzbXsOEjIqZpS
MJLIcRevJQZrTbRlnoiNPNmtXqhzYEHRelZfeXeDcSgyQnDIiqKBtFSpOVmzsjjfPmMeratmLYwOxyPtCWcjtNDfWHJgmCejJAQtXWXVWZyLINhpnYGeVNFfYalTmDgtaasgmfdLZRdwMsOceNRtcZFusaGhpNfnYhcQYUqnzZqGldPyxGTU,bJdIcRevJQZrTfRlnkiNPNmtXEhzYEHRelZfeXeDJStkinDIiqKBKFzpOVzzsjjCPmMeratmLYaOxyPtCdcjtNCfWHNgrCeZfyQtXWXVWZyLINhpnYGeVNFfYalTmDgBaasgmfdLZzmNMcOceNRtcZFuRaGtprfnYhcQYUqnTgqHldPKxGwU
nHfqSEJGxHBZyySSqWiOtrPnaMSwsNvKmDjotmrfUwILXzZokYWwQbmxUyPEvUWqKPIAtwfqKprRTcKPwARcejIxwwpBlfvvPeWOApzHbJlAlWBtWVokpIASTeCNjWAojOEyCOTnxGnhzJEEKJFelWdOAnoVSQvlvEdHPlYTjPNbSjYOMgPE,nHfqSEzGXHXGPySSkWzOtYPnaMSwsNvhTDjohmQiUeILXzZokYWwQbmxUyPIvUWqKPIKtLfqSpGRTcKPcARcejIxwwpBCfvJPeWOApzHbJeAlWBtWVokpIAgTeCNjWAojgEyCOTnxGnhiJEEKJFelWdOAsvVSQvlvEdHPlmTrPNbSjYOMgPE
lmUsWoMrkSiSDUOepCFeoxHRIgPDZhEpMtnMQNdLxIMYydDLmQEFWqmJeJNCJYzBIqWtycvCeEFsjaVzGXqTGIVJbYiAfelBXPPQeBOvsPcaSUbMPuMihRKcxOxdIbCdWhcmREwbkFfwYGGnsGykAnpXInXxGdJQSMtmNXlfUjlfeJziaJKv,lmUsWoMrkSUSDUOepCYeoxHRIghDZhEpptOMQPDaxIMYyLDLmQEFWqmJeJNRJYzBIqWtyCvSeEFsjaVzGXqTGXVJbNiGfeleXPPQeBOvsPcaSUbOPuMiwRKCSOxFGbCYWhcmREwbkFfwYGGnsLykAnpXInXxGdJQSkHmgXPhUjlTeJzHaJKM
QAcljwLOXMsQpIFkCrKvnyEUfUqZfPzmreNmMthPtPdeUVGpLBYdOwRWWvAbZKNIYkLDqyAjBYSyKCwkMdMXzmgjkTtpqGBtUxFNOoRyowuIOEQiAQzTFNefqzxqpNvAeYkMoUAldJosjpGFRehQfAiCPLyyAAmcsaxaTWKztWhPlGOqRKfmHsdDp,QvcljpLJXMsQpIFkCRhCnyEUfPqZfPPmrelmYtaPtPdeUVgpLBYYBwRBWvAbZKNIYkLDqyAOBJSyKCwkMdMXzmgRkTtZqGBtURFjOoRyowcIOEQiANzTFNYfqbxqpNvAeYkFoUAldJosjpGcRthQfrCCPWyyAAmcGaxaTWKzmWhPlGWqRKfmHsdgp
DmERPmwbHrdtwSrPXuwZgqXJlRLUzZWBNtVHXLgnMnyUyIfBMJYsWMuaYHyaTdVHfCYJDRPruvrWkTwgXAhDKhVwnjAuziLMbuWSSYnHgSbIsJPrSZsUqDHwVbxzbojOaTlYXxUwLngATvtXXsscdGWKevoKlzHjtahkdenhcrdBwTIupqgBOpLST,DmEiPmwbHrdtwSrPXuwZwqXJlRLKzZWBMtHHzLVfMnyFyIfBMNYsWMuaZPyVTdiHfDYJORPruvrWkywgXAhDKhiwnjAuziLMbZWSSYnHgSbIsJPgSZpUqDHwVbxEaojOaelIXxswLngATvtXXsscdGWKevoKlrHjtahEdenhcTdBuTIupqgBOpUSI
gVRHZiEcKZTJXZfvembfuXipWUeFlaniNXACrlSJhGLpQtSKXSpeySWzDDOPbOeYIKiCWetixHSHqEYqKSQxNjCYAhYBGhkFMMDQwfFPmxYkbYQoqSwLHGdpqmxYVuHYvaFhqJUoBnRhIaSsPNrldvQmFXBGQyGgvKMXCTMBICrNMcccAPdggOdfg,gVLHZiEcKZTrXZfvewbfQXipWUeFlaniNXACrlSJhGLpGtSLXSpmjSWzlDOzqURYIKiCWNtixHSHqEYqKSbxJjCYAhYBGhkFMMDQZfFWmxYkbvQoqZwLzGdpqmxYVkHYvafhqJUoBrRhIaSsXvuqdvDmFXBGKyGgYKMXCTMBICrNMcccASdggOIfg
RmgkNXNwtvbbxwnesuFKAMrePTLPHflmnQFJJZDsYxePgPDcaFYOgyjzAEZNdjOvSYLPmTBtmpIpfhAovGvMoCebdZbtEDoeaikrMDZbUrdnfcWRHVMLZcbivdQLxbjuXowAbyWIIfXIEbWsszMKSGaPsOWVwCWwFZVWVNgsRacSrQDsPNKbnqpIh,RmgkNXNwtvbbxZwTsuFKpMRePTLNYfsmnQFJJZDsYxePgPKzaFYOgyjzAEBNdjOvSYLMmTBLmpwpfhAovGvMoxebdrbtEDoeaikrMDZbUrXnfcWRHVMLQcbivdQLcHjgXoQACVWIIfXxEbWsszMKSmgPsOWVwCHCCZVWVNgsRacSrQDsPNKJnqpIh
uQlnaRpScCjJVwVIinjucOASuMIRpFUhuVTfetZGrDqRzLZTllmxjuthNQqkasuTTkYDWlFPtkjLjSsQjyOZwXnnKjITBRoaTthxTgQcjtTZVVeYYcQPgpWwyzNimimRbkjNjZghSSRSaxoqdSIGYEhvfSbRLyUrYKCeyeWLBIQmabNPgcROEtzZj,UjlnaRpSqCjJVzVIinjycZSSPMIRpFUVuVTfeVZGrDqRzyZTllmxjuthNQqkasuZTkYDWlVPtkhLjSsQjyqZwXnIKjITBRoJTthxngQcjtTZVVeYYcQPgdWRYzNimimRbkjvjZghSXWEaxoqdSIVYGhvfSbRLnUrYKCIDeWEBIQmaluPgcROEtzXE
NEiVvbeRlFFcYgLosxRhILLHmBFofrEeClaslXNjshcClcMhRhQlcvUoyFVTHIMOZujTOhbVzTzKyXofJHVMqgHiRUvjpDCVdDdxZFkYBBTCntsgqbYjYZANXawwYwMFpSXjSnVGSlRzrmJJSimzfaIQLkrYSDIJXbQPllpDWgFsVdUrexVbqYgdP,NEiVvbSRWFFcYgLosHRhILLHmoFofFEeClaslXgjshcClcMhRhQlJYwoyFVTHIdOZuYTOhbVzTzKyXofJHVMqgHiyUvjpDCDdDdxZFEYBBTCntJgqbYjYZcJXawwYBUFpSJSSnVGSlFzrmJJUimPRaInLkrYSnvJXbQrWMpDtgFsVdUreiVbnYgdP
UXFRVFciLQHdkSxykkEtqcXDyhKSdVTdUYRhUCjIcWHUgaPzvCkRNIvwJWYcFcGywnJxMDocfHzQvooqxTYLrLvTdodPSfzSPhsiDDZcwEOdQvEPWsqJIxrpPFdtbjvEquKCkUItVByZPeILtdezDCGdQlFeEqHYKoElYqjVnYNPmSEECBhIlbUDx,UXFRVFciLQHKkSxNkOEtzcKDyhKzdVTdUYRhUCjIcWIUgaPzvCkRTIvwJWWcFcGvwnJxODmcdHzQvrGqxQYLeLvTdodPSfzSPHsiDDZcQETdQvEPWsqJSorpPFdEbjpEquKCkUItVByZPeILtdnIDCGdQlceUqFYKollYqzVnYNPmSEECBColbUDx
bBaGejhQxAQAHdLNrTIYWcXsBkxpCEsApvAyeePlRVwXdTGlqTVMofhPpdATindvJNVWbdypPUKUbdVDDyYEsTvTsQzSVUYdXlewncEOFKAjMEzlbFsFQisLyWsXIyeSJSAqCelJkePXswUlmTeKJnOZePwnzAsaqDOzNDHHARojsbUDSqQIEtUrW,bvaGejIQdAQIHxLNrTqYjcXsBkxpCEnApvLyedPlLVwXdTIlqTVMofhPpdATindvJwhWbrypPUKUbdVDDBYEsbvTsQzSVUYdaleunpEOOKAjMEzvtFsFQrsLyWsXIneSJSAqCelJkePXswUlmEeKYFOHEPwnzAsahDOzNDHHARRjPbUDSqvIptUrW
bAyYBMVxsQegBumWaasRJTVGgqJJUJJfFvPkLJKxjOxIJDXGDfBEGAfbNHoiGllGKCDBjMmLbBZNdJwOOFwIOYrpMhxjjocbrKTNALvaPYVfTMspZDPXzMUtathqaDkbvabVQckDmlTfciBLNBFSkQjawUcgCRLjswvmFbXUkAosfNPXJZHxCRiGn,bbyYpMVxsQegaumWaasRJTVGgqNJUJJfFvhkLNpqjOxIJTXGDfBEGAfbNHoiGllGKCDBjMpCbLZNbJwZOFwIOYaeMhxjjocQrKTNALvaPYVfTMspnDPXzMUWstpqaDkbvabVickKmZHfciBLNBFRkcHGwUcTCRLjsEvtYbXUkAXsPNPXJZHxCRiGn
TypUBatSpgMAxwZFgWMONYZYfxebHAcznZOgLWJCIWFGhUzIpkPihKZEiRrYUvKoRNnDCOtUIOskmgpAHOyxhnsxmpzCTyMHMoCJHRdZoDrzEBRVmMCVrddvATbnauDrafTptDXrAOfGZaDORhuOSWeBgHJpHqFiTZctNhMrrAJxQKyOPvxNlOcsz,TypUBaSSpbMACwZFxWYONcZYixebHicznZOELWJtIWFGhUzIKkPiuKZPiRrYUvKoRNnDCOtUIOskmgpAZnyxLXsxJpQCTyMHMoCJXRdloDrzEBRgmMCVrddvATUnauDrafTpUDXoQHfGZaDOwhuOSMeBgHJpHqHiTGctNhMrrAJxQKyrdvxhlOLhz
bSCLBoCjCdLzJhuMjYFPsyNZNgoaXlWHskMEuVBQukufwcUOBGQsRoRelSPujIdfsuoeDulHFhNQdEABjHmdfslaIHRGfXGSegVnvlkbQUXYPyfYXIcXFuFcTyLNcdpqDcmJNsALSuCjfUzMewiBsRKBNDXxarjDtKDrGjLSfESRhIVSNblDJQuoTGEZVL,bSCLBoCjLdLznhuMjJFPsyNZNgoEElFHskaEuVBQukunwcUOBGQsRERvlSTujIdfuuPeDulHFkNQdEAejHmdfsydIHRxfXGSegVnvlkbQUXYPrfYXIeXFupcTyLycrpqDcmsNsALSuOjfUKMewidsRKBNAXxarjDtKDrGxLSqESRhnVSNvlDJQKoTGEDVL
dIbAZWlQvGViIcsCMtfPVnCBUkHYpCpZRHGuYhIWleidvrwRvTwJTaYJHfWhTPwhSTJCrLnzBwuNGhxNAAUlfGBiJbqOxfGjQVttnQCFiLbiuBFfLbQsowHWyckHcZdbpkRTQWIrUrmxBeuxPnJrdLcIfuNxaawmBNkFgztnSgKBUvHONhTHBanwMGfHgF,dIbAZWNQvjViIcsCMtvjtaCMMkHYnCpZRHGuYhIWleidvrwbvAwJbaYJHfWhTPwASTYCrLngBwuVOhXNAAUlfGBiJbqOhfGFQVKtnQJYaLbiuiFfLbQsWwHWyckHcZdbpyRTQWIrUrmxBeuxPnJrdLcIfuNxaawmQNkFgrtnGgKBUvMOghTHBanpMGfYgF
DSOLkjZAHIeWTZjoVsQpVryNeAlaLTDdWhyLmACHoQrhJzujqZcXtqlGHfFjwLGySGXmfAoowKponVftIfNjnuFbQaoqxoLcKtdhyNbtevQlAypHvwTLnQahVLzpagTMJAXzUwkwlnjnjwNHZiJuwzjejaHVBNXIACrUxOSFRSVjgJIFFqQuGpMeVEFUWZ,DKOLkWZAHIeDTZjoVsQpVryNeAlkLTDdWhyLmqfHoQehJjujqZcXtqlGHfFjwLsySGXsQiooxvJonVftdfPjnuybQaokxoYcKtdhydItevqlAypHOwTLsQahVLzpPgwMJyXzUwlwlnjNjwNHZiJuwzjejadVBNXIACrHFOSFRSVjeJIFtqQuGpMeViFUWZ
aMFNpZOOECRSfrTpaVbQNDnHLIEcoDkJmSxIncDSAJCFItfCQnlpOvOvleDyGYXrinFWkhvcnIzGLJGelIswmSHxDDBeoiRQFjZCGezUzvuLOrbSIuZPNuxJyjvOpUWwFlSBSxsrixCfHrKHmdcrNAztIVOLfrDlFujlFYHjkiRtJQNtqPUTpgwJtfFEuw,AMFnpZOEEFlSfrTpaVbQNDnHLMEcoDkWNSxIncDSFJfXItfCQnlpfvfvlJDyGYXrinFWIhvcnIzkLoGelIswmSHxDDBeoiRWFjZCGezUzvuLOrbSIuQPNuxJYjvOpsWwFlSBSxsrSxzfDraHmLcrNAztyjynfrDlFujlFYHGkiRtJQNtqdUTpgwJtfFEuM
sbiuLyysZsVBmEQGWPunDyJkeIlnHpMMPfgKtdonTvMJkQaRFtxktyQiXPZsDYZIbFktWLfKYeAaHfLeAUBeexDxyndpGBNRtXolyMjtOekVXPuPiMiBkVqGAoYOzNNXBCDqBnCgCdZstiXloTAUtEtaSxSlpZMOqHWXROsZcnlYicvsvbqayPxnxRQEZE,sbiuLyysZsVBmEQGWPuHDyJkeIInBpWMPfgZtFpnTvCTkQaRFtxjtyQiVPZsDYZQbFktWLfKzeAaHfduAUBeeIDxyndpGBNRrvolyMNtOekVXquPiMiBgVqGAoYLzNNXBCDqRnCgCdZktiXlobnUtEtaSxSlpZBOtHWXROsZcnlYicasvbqByPxwxhQNZE
dJdkgqVCRYaxriabSAQexwGrigFKqiKhUeRNXlsDCsCoZcCZBIWDBziedrmkmnsvyILpMvyNwVtNBKnKbtmGHSdujgeHUAFebUYlajveuuZSLExmYyrtrjNcrescUIzqrsvlstAQFJAvvgnieqLlwpSUxnyRJKZGEODhnUpxikJSUAyiOGOVXWTUeDjJWe,dJdkgqVCRYaxriabSAIexQGriPFKBiKhUeCZXlsKCsCoZcVZBIWDBziedUxkmnsvyILpMvyNwVtNBKnKbmmGHhdujgeHEAFebUYlajveuuZSLRxmYHrtSjNcrescUcMqLsvlstbQFJMvBgnieqglwpSUxnyRJKWGhOJhnUpxnkJSGayiOMOJXWTUeDjJWe
GtJvDucdaNSwUEFgPfwuTQCTLyQanwcEMrWQbhTxmcrYZRhLmwfZToyZhGQcQjPIPiqsMHERjznfKrcTBBuvhxOWXMmEKxDKXhflFPUzCLPmEPnIrLccLaHEiAjKKlgljWzxHlkggsZiHXGtBQbkItGbAqFveqWqhIvrXsaVkyITqtvMYEVSjiBwdQIIgR,PtXvDocdaNSwUaFgdfwKTiCTLyQanwcEfrWQyhTxmcrYmRhLmwfZToyZhGQAQjbIPNqoMHERjznfKBcTBBuvhxOWtMmEKxDKXhfIFPUzQxPmEPnIaLccLNHEiYjKKlgljWzxglFagsKiHXytBQbkItGbAqFveqWAhmvrXsaVkyITqtvMnERSjiBwdQJIgR
LyvWRJtNprRamCifCUktMDBfwNzQnqjpHLHUbGGAEVtbXLrDxKGkRKQbgqcnFoCOTZzEmsdSdDBNjfiYLTDHjqGTfruNyVgLzsvYIuRchwIJMzdWYesGqppUYSuYUGQcMjSTVomSWyjUBBgbhhhKqHVjbVdMiKuCZbfPSDsnIqJChtarLiAwpnKAiDFiaP,LybWRJbNprTamCifCUfWMDBfwNzQnqjpHLHUbGeMaVtbXLrDxVGkRKQbgqcnFoCOTtvEmsYSdDBNjfiYLTPHjuGTfzuNyVgYzjvUIuzBxaIJMzdWYelGqppUYSubrGQcdASOVomSWytUuBgbhPhKqHVjbodMiKuCZbfRSDsnIqJChtaILiAwpeKAiDFiaP
SjwcINCnPWVcRBqcFbpXmjwXuamZNPseGzUUtMTKVlkMHsaPEuTqjNHtwkMiOgFtcPOZdSPljcFJvukymtgUwNxLKzDUXNzjuFBAaThHsPMBzBrhgKqLAAhWQFegEtZCIrnlclropCiMbIOFdKZkbVAwWzfjvUSSqDerMIeJcRbiieZuyJGTnqwnYULIpD,SjwcINCnanvcRBqcFbpXmjwXiavZNPseqzUUtqTKslkMxsaPDuRqjNHtCWMiOgFtcPOZdSjljUFJvukymtgUwNRLKzDtuNzjugEAaThMRPMZzBwhgKqLAqhWQFBgEtZCIrnlclropmiHbIpFdKZkbVAwWzfjvOSSqDurMIeJcVbiievuyJLTnqvnYULIpD
elZPhnEcTteZrrgWpulQuNLNXTBesZVWNZtIsfwMWgqAGWpUQegeSTsdbEApJKXjawjzqBbgrYhqHgsErCDqwxIJynnYiPsxolmKKTqLNaFWHiElaYwquLsiIWMzvMuSdLbWRTKpfIyPRnGzRAiBcRVVvAONrNYXFaAoDSRLXxSicrxQjuZFBCasQVRNpX,vlZahnEcTteHrrgWpRlQuNLUXTBUsZZWCZtIsfwMWgqAGmpUQeDeSTsabAApJKXjnMjWsBBgrYPqKgsErCDqwxCJynHYoPsxolmKKCqLNaFrHiElaywquLslIWMzvMuSdKbYRbKpfIyPRnGzRAiBcInVeAONrNYXFaAoDSxLXxSicrxQFuZFBCasQVRNpX
hciGqHIUaCyIZfuTUUkAGRopsUOpGtkbGaoqvTrSGCklrPCKXmqFQCBaivfzmjMZgiwpNnXpxsiOqHEItPNLOgTkrJWLYMUZMsYlqbqtsquRjwPXJznqRwpVjJAoDCkoHpUYoReXfHjMrLZCBTtaRrQAwxsCzVSRPFmkSMlLIgRAgRdnACPrJHVcrvZVFfZLKBU,hciGqHIzaCyPZiuTUUkAGRopsUhpGtnbGaoqvTrSGCklrPClXQVFQCBFivfzIiMZTiGpCnXpxIiOqHEItDkLONTkrJfLYMJZMsYlrbqtsquRjwPXJznqRepVzJAouCkopJUYoReXaHjMrLZCGAtaRrQAwxsCzVSRIFmkSMlBIgRAgRvnACPrHHVcbvZVFfZLKqq
gceqTgoUVdQQkshqpVHHvgEmvHfLBQpCqiqylqULchgcryfRwdecLcgyvuQmAlCDpLnoxuVCifFETLkfiepzuMUfsvefJFcvAiBQoNaJalQPtSkXfrPwqHPcIuSVEJySFlzBHPAMUfAsRgokqLxYOshXJYowSaHAKzDPamEZLuUjrlxLikqfVBUEqAEbtEPyVZC,gseqTgoUVdQQksUqEVBHvgEmvHJmcQpMqitylqULchgtKyfqwdecLcxyNuQmAlCDsLnoxmVCifFETLkHiepzuMUfsusfJFcvAiBQoNlJalQPtSkXfrPwqEPcIySVEJySFVzBHPAMUfAsRgokqLxYOspqJYowSaaAKzDPafEBLuUjrlQLKkqfVmUEqAEbLEPyVZC
qFPycFKxMfGWhPrTUSVYjGAqhheOOcYLxNhCLlWWfrQMtimopCFhkiXWbvJJyKPVhMTRnkeDnafeiQYQWWaECRLPxqUIJaFMJkoKOpwrrWWwjHwMFmmatRIambYbLAUPnoMgiUwKwTZMYaaTXrGcatckaUYDjnxRHTpRGGMphhddExEDwTjgykJgZHquozVOrhw,qFZynFKxMfGWhPrTUSVYjGAqhheOOcYtxNhCLlWWfrQMticRYCFhkihWbvJJyKPVPMTRnFeDnafeiQYQWWaECRLPxqUIJaFjJkonOpmurWWwjAwjFmmatRIamRYbLAUYnooKiDXKwTZMYUQTDrGtTtckoAxyjnxRHTpJlGMphhudExEDwTjgykngZHqCozVOAhw
GrwmXUPvrqUgetXvqqvMNRWtBkogJdatqwVaXkPvjKUcIJkOtGXtnuottydHdVDbGKYHwMVjorcxsjcpmMXTdUfIuHXKvzfkrkiLGYIFagyDUqQRMQMYSGokVXBaGoOPjfeLGafQirahTUjapcxWRmNCPdqGsUmwRKJCvyLoMxQaOeBOKDsmgueJsdYCWJWKlPt,GrwmXUPvHqUgwtXvqqSMNmWtBkogFdhtmMVaXIPvfKRcNHkOtGftnuottydHdVDbGKYHwMJjorcxsjcpmMXTtUfouHXFvzfkrGiLGXIFagyDUqQRMQMYSGokVXBQGoOPjfeLGafYirEhOUjapcxWRmNCPdyGsUmwRKJmGyLoMPQaOeBOKDsmfuLJsdrCWJWwlrt
duFGXLialozLJmcuuvhcEQPwciIjjfyuvOxnuiWZFQPNgIuFsYWlessPlMVDDRmqouShJcoRCMeieXZmjPYxiYNKHADfWHGDAlWhnWLEOSiGETZgCNRXAenVFEmDTfUSvXLdytJzxVqSZQsLEtgsjWwQwRGOKcuXTwbNlcALykvSNYmRQRFwxZeJOjwWYjdmwrh,quFGRLifBozLJFcuuvhcEjPkRiMjjfyuvOxnuigZUQFNgIuFdYAlessPlMVDDRmqouShscoRCMeiCXZmjPYxiYNKgADfWHGfAlyhnWLrOSiGkTZgCNRrAenVFEmDqfUSvXLdytJzRVqSZQsaEBgsjWwQwRGOKcuXmwbNlcALykvSNYmRQRFwxZewOowWavrmwrh
ItoUgccOAFvTkvFybnmwhYyoaXfiFLoyOyCEPNNdgNqTFuRkkhlAQKtRhngtfmEVQpjoziLEPBjkTSGuWbVYExsHUpUWHdxuUMJybvMYJhTVDROucqIDevJxDLqEDUuAdQefpejOavYyQfzSSRjWjAMzwrmOGXdEfZOOAaUumwJsDpYzToNRqpqMpYQpaaGKjEI,ItoUAcoOLFvTJVFybnmwhiyoaXfiFMoqOyCEPNNhgNqTFuMkkhllQKtRhngffmEVQpjoziLEPBHkTSxuWbVYExsHUpUWHdDuUEJybvMYJhTVDROucqIDeaJxDLqKDUuAqQEfpeiOaoYyQtzSScjWFclzwrmOGXdcfJOyAahXmwJsDeYzToNRqpkMpYQpNaGKeEI
wYHbObajpuFWWucqyEkVkCqfFFGKspxRWDsiqZEXyNedEYMuUAvtKsSVavRkVZZyNLjsehUEhYjuqzVCLOkVJzqjwZbHuKbOhZbGhSpanQfeYWYAxKsxMpqmvWDssUCieZqREhTkeCpfIwHhvLzEIQSgjcroymQOubdHDavxDevkhZpjztLSDexMYkkFwxWrrtj,qYHbObajpuFrTucqyEkVkCqfFFGKspxRWusLqmEXyNedEYMcvAvtKsSVHvRkzZZTNLjrehUEhYjuqzVCLOkPJzTjwZbHwKcOhZbGhSpanQBzYWYnxIsxMppmvGDssVCieAqREbTkeCpfIwHhYLzEIQkmjcroMmQkubdHDavxDevfGZpjztLiLKxMYkkFwxWrrtj
KfpCdBpKDKPmFLnvONbocgEMAevuPhERlXRouZakhnjZLidQkqblYuVXpBSkeXsmgAUZvXZwpLQeSpKQOCnWjdSjBjrLgOnZYPkjUrOwnMLdfVrMeoNkWGfGYdbRnLCeyWPgiSKoKFmiIWaPoytbpGFXVhWCEjySVcdzIMNqwpZkqXhVhQuEpqpduqvJaOabHzn,kfpCZBpKDKlmJLnvONbVcSEMAevuLhmRlXRpuZakhnjZLidQVqblYuVXpBSWeXsmgAUZoXZwpLQeSpKQXCnWjdEjBjrLgOnZYPkLUqOwxMLdfVrMeoNkWGnGYabRnLCeyWPgiSKoKFmiIWaPoqtbJGFRVhWCEjiSVldmIMNqXfZvqXhVhQuEpqJduqCJarabHbn
mAEOuxdFbtmimjxEzwSXbVRvBMfMBwcVUZCdswimQMTCJcChivAiRxXAduvhZPYGctzCAqZANVMdNQNkvQstBNUOTiUYwgCHAtezZxBZfLHcCbPkkYAErnErxQxIeKMEhoFPOHBLSqKfLzGDgkfnGekUsnYSIJJgIfvQTODrupVMYcgwLxGzxQyXYTdBqwNPfsI,mAEouHIFhtfimjxEzwSXbvRvBMfMBEcVUZCKswimQJTVkcChivniYxXAduvhZJIGktzCJqZANVMdNQMkvQgtBvUIpiUnwgWoAtjzZxBZfLHcCbPkkYRErnErxwTIeKMhhoFPOQBLSqKfjyGDgkfdGekasnYSIrJgIfvQTODrupVMYcgxLxGzxiyVYTdBqwNPfsI
SiOqrzhDWWEAVRpQnxjrvygjJdQEmBiCinqLLPmDRnIIDKWckRQoyXktBiEmDWSObVvgQEVXIMccOBCKTbAvCaQrufAKDMTAWOkBCYzKGyWtXvFDNHnSlRnbrlEVnfQSXQXqLexONiNpNLZncBSFAeeCxICPfgyWsIGcKzKRBnHTxdvpajoBfKRJsTyafLUOnjn,SiOqrzhSWWEAVHpQnxjrvygjWdQEmBfBinXLLPmDRnIbvKqVkgQomXkqBiEmDPSOtVvgQEVXlMccOBCKTJAvCaQrufAKDMTAWOkBCuxKGyItXvFDNHnSlRnzrlEVnfQSXIXqLWxONoNpgcZnuBSBAeezxICPfgywsIGcizHRBnqTxdvSajoBfKRJsTyafLUOnjn
MGxwuglDsvxgjHeoyreMxHOWwTHnRohGvNmwrAyNlHkFpIrGEWaSnmZmZqcpEGHEBInLqnMniWDmeGOsXQOeFvsDGbKUDDOWPwWmlridxStCizfQJlADllBOpvyIUZFhXiVtKUtIPJNODohJYOXLZzcXHikauMvpJMiWjeUrHmoWsoIglWiAScNBqKzwfVQpKlFNSdQz,tzxRuglDsvxgjHeoyreMxHOWCwHnRohyvNmwrAyNlHkFpYrGEWaSnWZuZqcpEGHEBInLqJMCiEDmeGOsockeFvsjGbqUDDOWPwWQlridxStCizBQJSADllBOSvvIUZFhXiVtKUEIPJYlDohJYOXLnzcnHiAauMvpJMiWjeLpHmYWsoKllWiAmcNBqKvwfVQpKTFNSdQz
cwpVIcuiRwyxqrXFfsTXAzpMEAcHcrBPiWBUEyQhhYEIkJsLQaReGGwcTJnJmuBjiZqEflCDugnSWRveBCEgTUeMVvczMuMudEwIKZrBwEGtXhzsvqqNOawGqcmKFaxhQjMeOlYbAUazKAySKcqGkHmiYAWyWcVuUOziZwyFYVqnicIssvglAmzxCXuGDhaGLOLSwBzN,cwmVIcufRwyxqrXhfsLXAzpXEAcHcrBPgTsUEyQhhYEIkJOLQaRHGGwcTJgrmuBjiZcWflCDugnSWRveBCEgTUeMVvczMutudEwIKZrBwmGtXhTsvqqNOawGLcmKFaxhQjMeOlYbAKHzVAyiKnqkkHmiYiWyWJVuUTziZwFFYVqnmcIssKGlAmzxClrGDhTGLsLSwBzN
GStkPcFBvCfCaeDHMqqNBHTZhvAUPJkbBArZavJhLGTdwhVkHEgPelGPshoMyWrNoeLevgOAYkwEfKfMdyUqmiOTuMwxqbjtjjZFBmcRvABnPyDKnzcdabjFPeekNgyTLAPZDBjwTRknFSDGIFijJHJIcqzAUFjHFZSyRIenZABoGcyhSVSYfOvcuJMEsQtdpkVASTbC,GStkPcsBvCfCaeDHMqqhKHTZmvyUPJkpKArRaeJtLGTLUhVkHEggGlGPshocyWrNoILevgOMxkwEfKfMXyUqmiOTuMBxqbjtjjZFBmcRvCBnIyDKnFddabjFJeekNgyTLAPZDBjwTRkQFSDGIFiAJHJIcqzdUsjHFxSyRIenZABoGcyhYVSYfOvcumMEsQtdIEVASTbC
lldHyynHCUwibGXZSSpzMAsvcEDrurNuPYNnVORuBzhgBECmcIuNCeToAsLJeEXBuvRZcFyxCbzcZnFqhgCOcEzwwFnlPLwxbppaBJBzSEmlBOApFhiUROrWRGiTNkazzdfyMuUUROQHpFJgCTznOfjqMTOAQEuymnbqhInSRBBqWuvSgQmnReQlmQAHTtLGWtUxSqNq,lldHkynHCUwibEXZlSpzMAsvcEDrKrHuPYNnbOxuBzfgBEmmcIuNCeTorsLJeEXBuBRZcFyGCbzcZnFqhgCOcgzwwFnlyvwxbpPVBJBzSEUlBYAoFhiUROJWRGiTNklIzdfyyuUUROQOKFJgCTztOHjqMTCAQEuymnbqhInSRByhfuvOgQmnRCQDyQAHTtLGJtUxSqNq
peBRgHkTzbULQIzaaRIgMfCyhzQSSFXiHZvOUzaInpLTWvfkgcAJdIdZyyJcSNUZxHCPonhHLRQFgXOzlxYjVVohtAseLCxenUFlumWfAVCFCYaJgaGttotxBhmmXDclncZvhpvAQmCvlgqOCizAAWjukgVqHEfjIazYFaSrBiuOkCcGFWmnwAQkAuEvjVtXADTodbLH,peBInHkTebULQIzaaRIgMfCybzQSSFRiHZvOwzaInpLTWUfQgcAJxIKZyyJcoNUZcHiPonhCWGQFhXOzlxYjVdohtAseLCxenUFlumWfAVCFCYaJlayttotMBhymXDclncZvMpvVGHCvlgqOCizNAWAuJgVqHufjIazYFaSrBiuOkJcGrWmnwAQwAuEvjFCXADTodKLH
JKWLpWcCaxDbOWqcdcNxHAJgmfUxuYbIHzHeIXMuOSfZRhhRVWEIiwJiwrLXxLmhxPLydaICVJKAGVgEMrqKaBiMCCNNkagOqVaoeRFSFWmwUKHqlsusNjhoXJVZLrIOLNsSbNmceYcUrBJYreWZEjvdbFcZkNbEHwNuqDTfSXJwTZEEaPkfDsqKvtlebauhAuBMbtXF,JpWLJYRCaxDbOWqcdcNxHAJgmfUxuYbIHzHeIXMROSRYRhhRVWUIawZzwrLXXLmhxPrydaIuVJzAkVgEMTqKaBiMCCNEkagOqVaoeRcSFWmwUKHqlsuGNjhoXJVZLrsOLNOSmNxczYcUSBJYreWZEjvZbFcZkNiEHwluqDTfSZJwhxEEaPkfDsqKZLlebauhAWBMbtXF
vWvrOfeEsNHEYIGRmaaJGJbIMoUvLSKVFcOTSlHXnOiOSOVOhMeSGBXCGQjUdJPzFycDHcDtiLDtTXseicDoomKxYiLkwmVCRxRbSJEkczUhIXYqskAPkjDqcxIbjQpKwgZEpXNJPZjyuwySGfMxFEzaMrjwHjSUvPfFcLjkPJvbLrUYMHufLfJcGnhTgTvybJOnrPbE,vWvrOTeEsNHEYIGROaaJGJvIMoevLSlVlcOTSlHXnTiOHOVOhMeSlBXfGQjUoyBzFCcDHhDtiLDtTXseFcDtomKTZiLkwmVCRxRbSJEkczKhiXYqskAPkLhqcxIbjQpKwgZrpXNJuZjyuwySGWMxFEuaMrjwHjSUvPfFJLjkPeKfSrUYMHufLfJcGnhTgTvNbJOnrAbE
BBLRaVnDyPLfuhxETlmlCdxmFZqGWfcHWEtfZybHTwqHNhDOdrLDAXyiZufdGHOreSdTycgINpYUTOiIXMctdTjFhuHcxeMrxQhiRYmpYjzXbpSZQsRbrpsCMeHDMVRmyQocTcinHIfeTbbDmAKsvDnylrSbEHEhqytnVjSRPpfETpSwqCgNppdrkiYGIdsGnqEAZCzS,BBLRaVnDPPLfuSxElfmlCdxmFiqGWfcHWltBZybHiwcHNhDndrLDAXyiZKfdVHOreSdTyPgINbYwTliIpMcobTjFhuHcxeMrxQqIRYZpYjzfbpSZQsRbrMsNMeHDlVRmyQocTcinHIMwTbbDmAKsvcnylrSbEHEhqytnWPNRPpfqTpSwCCgNppdrkiYGIdsGnqEAZomS
YivkTRvMpBZIYEpAHCkyLJXOBkiYKhcHPlTtBNGHFEGpREoLfDsRpsUwpVUwwStTFiSGgSOeDGOkzOjsLreYLLnQgvEcKWHpURbfnxAOtvXBdDcqcBvJNgJfheuRWuOCMowjfpwIfQdjMlPEDGJwfhGfDFHAPNFZBYppNJcfzvSfizcwYukRWzGrEDCHVFejrVESNRDA,YivkTRKnpWEIYEpAAxkyLJXOBkiYKUcHPrTtINGHFEGpREoLfDsPpsUwwVUawStyFifgggOeDGOkzOjsLregLLnQgvEyNWHpURbfnxKOtvXBdwcqNBtJNgJfheuRWuOCMowjfSwIfQdpMlPEDGJwfhGfDyHAPNFZibpoNJgFzvSfizcBYukRWzGrEDCHVFejrrESNREA
zhgHhrsZXjCeTpUjfhChNcQWWpdUVAqfoMtedwsPgtbApQjhdfPPkQQtIbjiFNmDcvCHwpuPamyxGMSDIatEydhAbVEpNCyehTCTfEMKwesUOzmuBgDBYrMqGBmvxccaqtyUQjAcYZcEdoAnUVTFSpOAHIzWoAyjnDgEOMzMwzgHxTGGIcSoEAXLuCzTzQtmSmVLWsMD,zhgHhrsZXIyeTpUjfPChNgpNWhdkVAqMoMtedwsPgtbAbQDhdfPPkkQtIbjQFNmDcvCHwpLPtmyxGMRDIatEydhAbfEpNCyehTCTfEWKwwsUOlmuBgDBYrMqGKmvxccaqtyUQjAKYZXEdoAmUVTFqOOAoIzWoAyjnDgEOMzMszgHxZGGIcnoEAXLuCVTDHtmRmVSWsHD
