protein_1,protein_2
MSIIPSFFTSKRSNIFDPFSLDTWDPFQGIISTEPARETAAIVNARIDWKETPEAHVLKADLPGMKKEEVKVEVEDGRVLQISGERCREQEEKDDTWHRVERSSGKFIRRFRLPENAKMDEVKAMMENGVLTVVVPKEEEEKKPMVKAIDISG,MRTVDLSPLYRSFIGLDHLASLMDSAQRSSEKQSGFPPYNIEALDEDKYQITMAVAGFSEQELSLQSENNTLIVTGEKSNKDAQQERKFIHQGIAERNFERKFQLGDHIKVLGAELENGLLVIDLEREVPEAMKPRKIEIGSSKLIEQ
MSIIPSFFTSKRSNIFDPFSLDTWDPFQGIISTEPARETAAIVNARIDWKETPEAHVLKADLPGMKKEEVKVEVEDGRVLQISGERCREQEEKDDTWHRVERSSGKFIRRFRLPENAKMDEVKAMMENGVLTVVVPKEEEEKKPMVKAIDISG,MFGLIPFRTNSLDKKGGSFDDFFNGFFNDDFFSPMSFGFGNSQKFNADIRETQNEYLVSAELPGVKKEDINLEYRDNTLIISAKRNEEINEEKDNYIRRERTYGQISRAFHVENVDKSRISARFENGELQIILPKSNEAIREDNRILIQ
MSIIPSFFTSKRSNIFDPFSLDTWDPFQGIISTEPARETAAIVNARIDWKETPEAHVLKADLPGMKKEEVKVEVEDGRVLQISGERCREQEEKDDTWHRVERSSGKFIRRFRLPENAKMDEVKAMMENGVLTVVVPKEEEEKKPMVKAIDISG,MKIDEVEKWRPFTDAEGNTWDLSFLDAHEVIYTHHCEGKADKVYKFIVSYSFHCFCKDYPEQSEEEKRALMYHSPKESRPFCKNRYGLAQRYLKDMILSLDRQRIIHAGYGSYAVIEALNDEGERCYYHVPFKAFRERKKLRIHVTSAYAVDAKPGGGKVGFFVIASKLLAGKPLPHP
MSIIPSFFTSKRSNIFDPFSLDTWDPFQGIISTEPARETAAIVNARIDWKETPEAHVLKADLPGMKKEEVKVEVEDGRVLQISGERCREQEEKDDTWHRVERSSGKFIRRFRLPENAKMDEVKAMMENGVLTVVVPKEEEEKKPMVKAIDISG,MDIAIQQPWFKRALGPFYPSRLFDQFFGEGLFEYDLMPFLSSTISPYYRQSLFRTVLDSGVSEVRSDRDKFVIFLDVKHFSPEDLTVKVLQDFVEIHGKHNERQDDHGYISREFHRRYRLPSNVDQSALSCSLSADGMLTFSGPKVPSGVDAGHSERAIPVSREEKPSSAPSS
MSIIPSFFTSKRSNIFDPFSLDTWDPFQGIISTEPARETAAIVNARIDWKETPEAHVLKADLPGMKKEEVKVEVEDGRVLQISGERCREQEEKDDTWHRVERSSGKFIRRFRLPENAKMDEVKAMMENGVLTVVVPKEEEEKKPMVKAIDISG,MEIPVPVQPSWLRRASAPLPGRLFDQRFGEGLLEAELAALCPATLAPYYLRAPSVALPAAQVPGLGEGGNPATSKAWGPEEIAVKVVGDHVEVHARHEERPDEHGYIAREFHRRYRLPPGVDPAAVTSALSPEGVLSIQAAPATAQATAQAPPPPQAAAK
MSIIPSFFTSKRSNIFDPFSLDTWDPFQGIISTEPARETAAIVNARIDWKETPEAHVLKADLPGMKKEEVKVEVEDGRVLQISGERCREQEEKDDTWHRVERSSGKFIRRFRLPENAKMDEVKAMMENGVLTVVVPKEEEEKKPMVKAIDISG,MTDLRADVWLWAARFFKTRSLAKQAIDGGRIDVNGAGCKPAKSLRAGDRLKIGRGEERLEVEVVALSDRRAPAAVAQALYVETAASRAARELAREQQRLVGPSGPPKRPDKQARRELRRLRDTR
MSIIPSFFTSKRSNIFDPFSLDTWDPFQGIISTEPARETAAIVNARIDWKETPEAHVLKADLPGMKKEEVKVEVEDGRVLQISGERCREQEEKDDTWHRVERSSGKFIRRFRLPENAKMDEVKAMMENGVLTVVVPKEEEEKKPMVKAIDISG,MDQIFERFFPRGWLQPFRREWPMRNELMTPFEVQMPRVDVIDRDEEVVVRAEIPGVDKKDLDVSVTENTVTINGHRSAEEEEDTGDYYRREISRGAFSRTVMLPREVDGEKAKVSFKEGTLELILPKVEKSKRHKIKVE
MSIIPSFFTSKRSNIFDPFSLDTWDPFQGIISTEPARETAAIVNARIDWKETPEAHVLKADLPGMKKEEVKVEVEDGRVLQISGERCREQEEKDDTWHRVERSSGKFIRRFRLPENAKMDEVKAMMENGVLTVVVPKEEEEKKPMVKAIDISG,MTDSNQVVQRDQANAAGQGGAVAQRREEAPAPAMTLIPAVDIFETAAGVTLWADLPGVPREKLEVNVHDSSLRIEGEAVLPMPSGLRVQHAEVRQPRYARTFTLSPDLDASAIEANLQDGVLKLTIPRRDEARPRRIEVSVG
MSIIPSFFTSKRSNIFDPFSLDTWDPFQGIISTEPARETAAIVNARIDWKETPEAHVLKADLPGMKKEEVKVEVEDGRVLQISGERCREQEEKDDTWHRVERSSGKFIRRFRLPENAKMDEVKAMMENGVLTVVVPKEEEEKKPMVKAIDISG,MSDFFFGTDPFSEFDRMQRQMANLFGGFPTSLRSGRFGGFPPLNIGTTDDSIEIVVFAPGIKTDQLEVSIDKGLLTISGERAQVQPEGAAEVRPYAQERFFGSFRRVIELPQSADPDKVQARYTNGCLSISVGKREASRPRAITVS
MSIIPSFFTSKRSNIFDPFSLDTWDPFQGIISTEPARETAAIVNARIDWKETPEAHVLKADLPGMKKEEVKVEVEDGRVLQISGERCREQEEKDDTWHRVERSSGKFIRRFRLPENAKMDEVKAMMENGVLTVVVPKEEEEKKPMVKAIDISG,MSPRLRGAFAHDDDAPVFVISVAAELAGMHAQTLRQYDRLGIVTPSRTRGGGRRYSSRDIARLREVQRLSQEEGVSLAGIQRILQLENQVEALRGRVAELDEEVAQLRAAAELGRRVFAAGRAGDVVAVRAGERPSRPVSSQALVVWRPQSRS
MSIIPSFFTSKRSNIFDPFSLDTWDPFQGIISTEPARETAAIVNARIDWKETPEAHVLKADLPGMKKEEVKVEVEDGRVLQISGERCREQEEKDDTWHRVERSSGKFIRRFRLPENAKMDEVKAMMENGVLTVVVPKEEEEKKPMVKAIDISG,MRNFDLAPLYRSSIGFDRLINLLETSQNQGNNGGYPPYNVELVAENHYRITIAVAGFAESELEITSHDNLLSVRGSHPDEQQERTWLYQGIAERNFERKFQLAEHVHVRNARLENGLLYIDLERVVPEANQPRRIDIVK
MSIIPSFFTSKRSNIFDPFSLDTWDPFQGIISTEPARETAAIVNARIDWKETPEAHVLKADLPGMKKEEVKVEVEDGRVLQISGERCREQEEKDDTWHRVERSSGKFIRRFRLPENAKMDEVKAMMENGVLTVVVPKEEEEKKPMVKAIDISG,MALVRYNPWKEMNALQRQMNQLFDEGWLSNSTRDFKELTFAPSAELSETDEAVMLKLELPGIKADDVDIQATKEAIYITGERKEEAKSEENGVTRSEFRYGKFSRSIALPALIDNTKISAEYKDGILHLTLPKAEEEKNKVVKVNLG
MSIIPSFFTSKRSNIFDPFSLDTWDPFQGIISTEPARETAAIVNARIDWKETPEAHVLKADLPGMKKEEVKVEVEDGRVLQISGERCREQEEKDDTWHRVERSSGKFIRRFRLPENAKMDEVKAMMENGVLTVVVPKEEEEKKPMVKAIDISG,MFIVPRVPAQPSRHRVAVWRELRRLGAIPAAAGTWAVPDLPAFSEGISAVRELAERGEGGVSVFRATGQTESDAVQLREAFTSARVDEWNEFVADCGKFDAEIDREFAKEKFTFGELEEEEQSLDRLRRWYRDLLRRNAFGLPEAEQAANRLEASTEKLASYSERVYEVNLPADPSA
MSIIPSFFTSKRSNIFDPFSLDTWDPFQGIISTEPARETAAIVNARIDWKETPEAHVLKADLPGMKKEEVKVEVEDGRVLQISGERCREQEEKDDTWHRVERSSGKFIRRFRLPENAKMDEVKAMMENGVLTVVVPKEEEEKKPMVKAIDISG,MSEQDKAVARSAETRADEAALTPAVDVFEDAGGITVYADLPGVPKDKLQLQIEAETLTIEGEIVQELPEGMEATHAEIALPRYRRVFTLSKELDTEKVVARFDKGVLELRIPKAAHLQPRRIEVQVE
MSIIPSFFTSKRSNIFDPFSLDTWDPFQGIISTEPARETAAIVNARIDWKETPEAHVLKADLPGMKKEEVKVEVEDGRVLQISGERCREQEEKDDTWHRVERSSGKFIRRFRLPENAKMDEVKAMMENGVLTVVVPKEEEEKKPMVKAIDISG,MKEKAVSDESVRLDKWLWAARFYKTRAIAREMVDGGKVHYNGQRGKPSKLVEINAEIRLRQGNDERTVRVLALYHQRRGASEAQALYEETEASIANREKVAQARKLNALTMPHPDRRPDKKERRNLIKFKQGEPE
MSIIPSFFTSKRSNIFDPFSLDTWDPFQGIISTEPARETAAIVNARIDWKETPEAHVLKADLPGMKKEEVKVEVEDGRVLQISGERCREQEEKDDTWHRVERSSGKFIRRFRLPENAKMDEVKAMMENGVLTVVVPKEEEEKKPMVKAIDISG,MSLMRRGRDWWDWPFESIRNLPSIFDINFPSFTGLFSRPRVDIIESETEIIATAELPGVDKKDIEINVYDNILEIKGQTSVDEEKEDKNYYIRERYYGSFARRIELPAEVDPERTTAKFENGILKITMPKLHPSKPKKRRIDIE
MSIIPSFFTSKRSNIFDPFSLDTWDPFQGIISTEPARETAAIVNARIDWKETPEAHVLKADLPGMKKEEVKVEVEDGRVLQISGERCREQEEKDDTWHRVERSSGKFIRRFRLPENAKMDEVKAMMENGVLTVVVPKEEEEKKPMVKAIDISG,MNSLVTRGGLFDEFFKDIAPGFYVRPLHGDGVPAPSQIKVDVKETDGGYTVQAEVPGVPKEDIHVSIEGNVVSLRAEVRQHDQKTEGEKVLRSERYFGSVARSFQLPVDVDAAQAKAKYDNGVLTLTLPKKLGGSAQRLNIE
MSIIPSFFTSKRSNIFDPFSLDTWDPFQGIISTEPARETAAIVNARIDWKETPEAHVLKADLPGMKKEEVKVEVEDGRVLQISGERCREQEEKDDTWHRVERSSGKFIRRFRLPENAKMDEVKAMMENGVLTVVVPKEEEEKKPMVKAIDISG,MKLSLKTLVTAISLPVLMTACASNGDDVKEITAQDLQHHNWELVQVDGKNIVLDENQKVARLEIGENLTANGNAGCNNFFGQAELKNNQLRIEKMGMTMKMCMEDQMKIENAMTQTLSNWSDITLTKDGLVLKNADHELTFTLRDWVN
MSIIPSFFTSKRSNIFDPFSLDTWDPFQGIISTEPARETAAIVNARIDWKETPEAHVLKADLPGMKKEEVKVEVEDGRVLQISGERCREQEEKDDTWHRVERSSGKFIRRFRLPENAKMDEVKAMMENGVLTVVVPKEEEEKKPMVKAIDISG,MANELQNRFNDFMNSDNFFSNFGRSFFNLDGHDTYMKTDVAETPKDYQVNIDLPGVDKQDIQIDFKNNILTVSAKRDSFSDQSDHEGNLIASERSYGRFTRQYQFPNVAREKIAAKYEDGVLKITLPKTDEEIANNHHIEIQ
MSIIPSFFTSKRSNIFDPFSLDTWDPFQGIISTEPARETAAIVNARIDWKETPEAHVLKADLPGMKKEEVKVEVEDGRVLQISGERCREQEEKDDTWHRVERSSGKFIRRFRLPENAKMDEVKAMMENGVLTVVVPKEEEEKKPMVKAIDISG,MRTTFDPTPFWRSTVGFDRLFDLMNESSRWSGEVAYPHYNIEKAGEDHYRISLALAGFKPEEITITTEHNGLTVEGSKAERAASDQTEYLYQGISARPFRRVFSLADYVQVKSATFEDGLLKIDLVREVPEAMKPRRIAINGNVSKPTIDQKKAA
MSIIPSFFTSKRSNIFDPFSLDTWDPFQGIISTEPARETAAIVNARIDWKETPEAHVLKADLPGMKKEEVKVEVEDGRVLQISGERCREQEEKDDTWHRVERSSGKFIRRFRLPENAKMDEVKAMMENGVLTVVVPKEEEEKKPMVKAIDISG,MATRTVPHAYPMSCEYEFANPSKIYDQNFGEGVSPSEILAPALYHGYYIRPRINKQLERGTSEICLNEHKFQVFLDVCQFLPDELSVRTVDNLLEVVGQHPQKADRHGFISREFTRTYILPLDVDPLLVRATLSHDGILSIVAPRTGKELKARVNEVKITQQEQPVGEEQQSEEGKEKEKS
MSIIPSFFTSKRSNIFDPFSLDTWDPFQGIISTEPARETAAIVNARIDWKETPEAHVLKADLPGMKKEEVKVEVEDGRVLQISGERCREQEEKDDTWHRVERSSGKFIRRFRLPENAKMDEVKAMMENGVLTVVVPKEEEEKKPMVKAIDISG,MARRRNPFDIFSDFEEMFEEMLREFEKMGPGEHISGPFFYGFSINQRPGEEPEIREFGNIRPERGRIEIGERKPLVDVFDTDKTVQIVAEMPGIEKEDVELNVEGRELEIKASRGDRKYHEFVELPADVDIDTARASYKNGVLDITLNKVEKNKGRKRINVE
MSIIPSFFTSKRSNIFDPFSLDTWDPFQGIISTEPARETAAIVNARIDWKETPEAHVLKADLPGMKKEEVKVEVEDGRVLQISGERCREQEEKDDTWHRVERSSGKFIRRFRLPENAKMDEVKAMMENGVLTVVVPKEEEEKKPMVKAIDISG,MDIAIHHPWIRRPFFPFHSPSRLFDQFFGEHLLESDLFPASTSLSPFYLRPPSFLRAPSWIDTGLSEVRLEKDRFSVNLDVKHFSPEELKVKVLGDVIEVHGKHEERQDEHGFISREFHRKYRIPADVDPLTITSSLSSDGVLTMNGPRKQASGPERTIPITREEKPAVTAAPKK
MSIIPSFFTSKRSNIFDPFSLDTWDPFQGIISTEPARETAAIVNARIDWKETPEAHVLKADLPGMKKEEVKVEVEDGRVLQISGERCREQEEKDDTWHRVERSSGKFIRRFRLPENAKMDEVKAMMENGVLTVVVPKEEEEKKPMVKAIDISG,MIDANKGLGYEPETGGAVRMIRRRMYPVYSIWNEIDELMNMMENRLSESFSGENFFSNRIKPVISGECRVDVIDHENETYVVADLPGAEKDDVRIRLVDPKTLEISCNREKKIEEEDEEKGYYLRERTYGEMIRHVSLPVEVSEEGATASFNNGVLEVHLKKIALGAGGNIEIK
MSIIPSFFTSKRSNIFDPFSLDTWDPFQGIISTEPARETAAIVNARIDWKETPEAHVLKADLPGMKKEEVKVEVEDGRVLQISGERCREQEEKDDTWHRVERSSGKFIRRFRLPENAKMDEVKAMMENGVLTVVVPKEEEEKKPMVKAIDISG,MYLTTYEPWNILNQFRNELDQVFGHQTRPVNGDSAIATSAWVPSVDIKEEQQHFLIEADIPGVDPKNIDISMDNGVLTIKGERQAENQEEGKNYKRVERTYGSFYRRFSLPDTADAEKITASGKNGVLQITIPKQEMAKPRKITVQA
MSIIPSFFTSKRSNIFDPFSLDTWDPFQGIISTEPARETAAIVNARIDWKETPEAHVLKADLPGMKKEEVKVEVEDGRVLQISGERCREQEEKDDTWHRVERSSGKFIRRFRLPENAKMDEVKAMMENGVLTVVVPKEEEEKKPMVKAIDISG,MAKATAAIKKLMPMFDRVLVLRAEAVTKTKGGIVIPEKSQGKVLHGTVVAVGPGSRNTKGDLVPPQVSVGDHVLLPEYGGTKVEIEENKEYHLFRETDILAKLEM
MSIIPSFFTSKRSNIFDPFSLDTWDPFQGIISTEPARETAAIVNARIDWKETPEAHVLKADLPGMKKEEVKVEVEDGRVLQISGERCREQEEKDDTWHRVERSSGKFIRRFRLPENAKMDEVKAMMENGVLTVVVPKEEEEKKPMVKAIDISG,MLMRTDPFREFDRITRELTAPGTWSRPTAMPLDACREGDTYVVSFDLPGVDPEAIEIDIERNMLTVKAERRPAGNAEHVRMEVAERPLGVFSRQLVLADTLDTEQVRADYDAGVLTLRIPIAERAKRRRVKIEQGESHRQITG
MSIIPSFFTSKRSNIFDPFSLDTWDPFQGIISTEPARETAAIVNARIDWKETPEAHVLKADLPGMKKEEVKVEVEDGRVLQISGERCREQEEKDDTWHRVERSSGKFIRRFRLPENAKMDEVKAMMENGVLTVVVPKEEEEKKPMVKAIDISG,MMAGLRQIEVLLEDRTPHKWIVPLTEDEFQAFLSRGNQAIRKVFGDGSFFSPMLFGKFFDPSDAFPLWEFEADVLLSNLRASGLNQVDWTQNDKEYVLKAELPGTGEESSVQVCVEKGKILEISGQWKQHTDLKARDWRSHHWWEIGFVRRIELPENADWKKTEVTAKNDIILEIKIPMKSSASPTRQGDDSE
MSIIPSFFTSKRSNIFDPFSLDTWDPFQGIISTEPARETAAIVNARIDWKETPEAHVLKADLPGMKKEEVKVEVEDGRVLQISGERCREQEEKDDTWHRVERSSGKFIRRFRLPENAKMDEVKAMMENGVLTVVVPKEEEEKKPMVKAIDISG,MSDLYFGTDLFSEFDRLQQQMAQLFGGFPSSIRAGRLGAFPQINIGATDASIEIVAFAPGIKATELDVSIDKGLLTISGERKSTRPDAGGETRTYAQERFVGAFRRVIELPDTADPDKVQARYENGCLSISIGKRESSKPRAITVQ
MSIIPSFFTSKRSNIFDPFSLDTWDPFQGIISTEPARETAAIVNARIDWKETPEAHVLKADLPGMKKEEVKVEVEDGRVLQISGERCREQEEKDDTWHRVERSSGKFIRRFRLPENAKMDEVKAMMENGVLTVVVPKEEEEKKPMVKAIDISG,MAETIFGHPFRRFFLGHPPILGNSTALLDWLESPTSHILKINVPGLNKDEIKVQIDEGNILHVRGESGKEDNFGKDTIWHVTERGTGKGDFSRAIELPENVKLDQIKAHVENGVLTIVVPKDAAPKLPKVRNINITSRL
MSIIPSFFTSKRSNIFDPFSLDTWDPFQGIISTEPARETAAIVNARIDWKETPEAHVLKADLPGMKKEEVKVEVEDGRVLQISGERCREQEEKDDTWHRVERSSGKFIRRFRLPENAKMDEVKAMMENGVLTVVVPKEEEEKKPMVKAIDISG,MNMPVRSHRGGATAERPLGWARNPLTEFDELLNQMSGLLESTVGGAAAPAAAWTPLADVTETDDAFEVEIELPGVKSKDIHVEANGQELVVTGEIKEKERSGVLRRRARRTGAFEYRLRLPGEVNTEKVTAEMSAGVLTVTVPKAEVAKPRHIQITESGESADR
MSIIPSFFTSKRSNIFDPFSLDTWDPFQGIISTEPARETAAIVNARIDWKETPEAHVLKADLPGMKKEEVKVEVEDGRVLQISGERCREQEEKDDTWHRVERSSGKFIRRFRLPENAKMDEVKAMMENGVLTVVVPKEEEEKKPMVKAIDISG,MAAANAPFALVSRLSSPATRLPARAWRAARPAPVAAGRTRPLTTASASQENRDNSVDVQVSQNGGNQQGNAVQRRPRRAGFDISPFGLVDPMSPMRTMRQMLDTMDRLFDDTVGFPTTRRSPAAASEAPRMPWDIMEDEKEVKMRFDMPGLSRDEVKVMVEDDTLVIRGEHKKEAGEGQGDGAEGQGDGWWKERSVSSYDMRLTLPDECDKSQVRAELKNGVLLVTVPKIETERKVIDVQVQ
MSIIPSFFTSKRSNIFDPFSLDTWDPFQGIISTEPARETAAIVNARIDWKETPEAHVLKADLPGMKKEEVKVEVEDGRVLQISGERCREQEEKDDTWHRVERSSGKFIRRFRLPENAKMDEVKAMMENGVLTVVVPKEEEEKKPMVKAIDISG,MSGFPFGNDIFNELARMQRQMTDLFSESPSSIRAARQGAFPALNVGATDDAIEIVVFAPGMAATDFDVSIDKDLLTIGGERKPTPRSDGDDVRTYAQERFHGAFRRVVELPRNADPDNVSARYENGCLLIRIGRRETSKPRAIAVH
MSIIPSFFTSKRSNIFDPFSLDTWDPFQGIISTEPARETAAIVNARIDWKETPEAHVLKADLPGMKKEEVKVEVEDGRVLQISGERCREQEEKDDTWHRVERSSGKFIRRFRLPENAKMDEVKAMMENGVLTVVVPKEEEEKKPMVKAIDISG,MQRVGSGLPSGSRVASRGPSVALAEQNQVATLPVRLLRDDAAAVRNNVHAEDGFQMKVDAYGFTPEELVVQVDGQCLMVTGQRQLEGCSPDGAGYRVAQRVHRQMQLPPDLDPASMTCSMTPLGQLCVRGPCRALPSPEAQKDPSPRVRGRGSKYQPSLTQ
MSIIPSFFTSKRSNIFDPFSLDTWDPFQGIISTEPARETAAIVNARIDWKETPEAHVLKADLPGMKKEEVKVEVEDGRVLQISGERCREQEEKDDTWHRVERSSGKFIRRFRLPENAKMDEVKAMMENGVLTVVVPKEEEEKKPMVKAIDISG,MAPRRAIEVVRQQAAECAEAPKWRMSLLENAFTSFIQCSPEPAKVVFGEGSLFSPYLLGKFFDPADAFPLWEFESDVLLAGLRRSGRTTVDWAENDCEYCLRADMPGGRKCDVEVSGDCGRVLDVSGLWRAAAPPDGRDWRAGKWWEHGFVRRVELPEDADGARVEAYFDDGDGSLEIKVPKKKGGDAA
MSIIPSFFTSKRSNIFDPFSLDTWDPFQGIISTEPARETAAIVNARIDWKETPEAHVLKADLPGMKKEEVKVEVEDGRVLQISGERCREQEEKDDTWHRVERSSGKFIRRFRLPENAKMDEVKAMMENGVLTVVVPKEEEEKKPMVKAIDISG,MTNDMEKKTAPTLPRFRPNTDVLEREDGFHIFVDMPGVGKDGLSIDLRDNELEIRGKAVYPREENAKALHVEFGDGEYVRAFTISDGVDREGIKASLKKGLLEVFLPKAARFKPRRIEIQAG
MSIIPSFFTSKRSNIFDPFSLDTWDPFQGIISTEPARETAAIVNARIDWKETPEAHVLKADLPGMKKEEVKVEVEDGRVLQISGERCREQEEKDDTWHRVERSSGKFIRRFRLPENAKMDEVKAMMENGVLTVVVPKEEEEKKPMVKAIDISG,MGFRDLIPWSGKQELAPARDNFDPFLTLHREMNRLFDDVFRGFGASSLSPLMEGRFGWPKVELSETDKALTVSAELPGMTEKDVQVEIANGVLTLRGEKKAERNGEGRYFTERYYGAFERQIPLEGVEEDKAEASFRNGVLTVSLPKSEKEREGVKRIAINTH
MSIIPSFFTSKRSNIFDPFSLDTWDPFQGIISTEPARETAAIVNARIDWKETPEAHVLKADLPGMKKEEVKVEVEDGRVLQISGERCREQEEKDDTWHRVERSSGKFIRRFRLPENAKMDEVKAMMENGVLTVVVPKEEEEKKPMVKAIDISG,MAFFPRLSGGEFTPLFRLLDDYDAHRSCTSDNSIARSFAPKFDVRECKDAYHLDGEIPGVNQKDIDIEFTDSQTLVVRGHAKREYSTTNVNAEETAPATIADAPASSHQATVEDEEEPATASPPGSRPSSPAKDNKVTKASNNRAVKKSASPGFKYWMTERSYGEFNRVFKFPSRVDQDAVSASLKDGILRVKVPKASAPTVKKVNIA
MSIIPSFFTSKRSNIFDPFSLDTWDPFQGIISTEPARETAAIVNARIDWKETPEAHVLKADLPGMKKEEVKVEVEDGRVLQISGERCREQEEKDDTWHRVERSSGKFIRRFRLPENAKMDEVKAMMENGVLTVVVPKEEEEKKPMVKAIDISG,MSIVRRTNVFDPFADLWADPFDTFRSIVPAISGNNSETAAFANARMDWKETPEAHVFKADLPGVKKEEVKVEVEDGNVLVVSGERTKEKEDKNDKWHRVERSSGKFVRRFRLPEDAKVEEVKAGLENGVLTVTVPKAQVKKPEVKAIQISG
MSIIPSFFTSKRSNIFDPFSLDTWDPFQGIISTEPARETAAIVNARIDWKETPEAHVLKADLPGMKKEEVKVEVEDGRVLQISGERCREQEEKDDTWHRVERSSGKFIRRFRLPENAKMDEVKAMMENGVLTVVVPKEEEEKKPMVKAIDISG,MRTFDPTPLWRSTVGFDRLFDLMDQSAHFQANDAYPPYNIERTGEDHYRISLALAGFSPDEVAITAELNVLTVEGQKAQKADTEYLYQGISARPFRRVFNLADYVQVKSASFEEGLLKIDLVREVPEAMKPRRIAINGGTSTTTIAQKKAA
MSIIPSFFTSKRSNIFDPFSLDTWDPFQGIISTEPARETAAIVNARIDWKETPEAHVLKADLPGMKKEEVKVEVEDGRVLQISGERCREQEEKDDTWHRVERSSGKFIRRFRLPENAKMDEVKAMMENGVLTVVVPKEEEEKKPMVKAIDISG,MRTNFDFTPYRRSTVGFDRLFDLLETSARGDGDGYPPFDIVREGDDNYRIMLAVAGFRPDEIEIVAQQNLLTVSGRKADEDDSRHYLHRGIATRSFERRFQLADFVEVRSASFEHGLLTIQLQRVVPEAMKPRRIEIAPSAAQSPGEPPEDDRKAA
MSIIPSFFTSKRSNIFDPFSLDTWDPFQGIISTEPARETAAIVNARIDWKETPEAHVLKADLPGMKKEEVKVEVEDGRVLQISGERCREQEEKDDTWHRVERSSGKFIRRFRLPENAKMDEVKAMMENGVLTVVVPKEEEEKKPMVKAIDISG,MSMIPISNRRRLSPGDRIWEPFELMNTFLDFPSPALFLSHHFPSLSREIFPQTSSSTVNTQLNWTETPTAHVFKAYLPGVDQDEVIAFVDEEGYLQICTGDNKFMSRFKLPNNALTDQVTAWMEDEFLVVFVEKDASSSPPQLPEIEENRNVRVVEITGDDD
MSIIPSFFTSKRSNIFDPFSLDTWDPFQGIISTEPARETAAIVNARIDWKETPEAHVLKADLPGMKKEEVKVEVEDGRVLQISGERCREQEEKDDTWHRVERSSGKFIRRFRLPENAKMDEVKAMMENGVLTVVVPKEEEEKKPMVKAIDISG,MRNYDLSPLLRQWIGFDKLASALQTAGESQSFPPYNIEKSDDNHYRITLALAGFRQEDLDIQLEGTRLVVKGTPQQPEKETTWLHQGLVSQAFSLSFTLADNMEVSGATFTNGLLHIDLTRNEPEQIAPQRIAISERPALNS
MSIIPSFFTSKRSNIFDPFSLDTWDPFQGIISTEPARETAAIVNARIDWKETPEAHVLKADLPGMKKEEVKVEVEDGRVLQISGERCREQEEKDDTWHRVERSSGKFIRRFRLPENAKMDEVKAMMENGVLTVVVPKEEEEKKPMVKAIDISG,MANFKAVQLFLFAIFISSFLLTPSEPSLLPFIDPFGILEQTPFGLLENENRDALQQPLPPARVDWKETPESHVIMLDVPGMNKEEMKIELDEENRILKVIGERKREEEKQSEHWHRLERSYGKFWRQFRLPSNADMESVKAQLQNGVLKVTLSKLSPEKIKGPRVVGILDEQPPAGS
MSIIPSFFTSKRSNIFDPFSLDTWDPFQGIISTEPARETAAIVNARIDWKETPEAHVLKADLPGMKKEEVKVEVEDGRVLQISGERCREQEEKDDTWHRVERSSGKFIRRFRLPENAKMDEVKAMMENGVLTVVVPKEEEEKKPMVKAIDISG,MATSYNYAPLFRSTVGFDRVFNLLENAQRARSISDWPPYDIFKTGDDSYRIAIAVAGFSREDLDITFQSNLLTVTGKKQEASAEGFLHRGIAGRPFEHRFELADHVRVNEADLSNGLLSIELVREIPEALKPRKISIQSTPALTSPPPVQIEAQKAA
MSIIPSFFTSKRSNIFDPFSLDTWDPFQGIISTEPARETAAIVNARIDWKETPEAHVLKADLPGMKKEEVKVEVEDGRVLQISGERCREQEEKDDTWHRVERSSGKFIRRFRLPENAKMDEVKAMMENGVLTVVVPKEEEEKKPMVKAIDISG,MAKIFGKILHGFASLIGNIFTVLINIMNVITMTFEGIRQLLFLVFIFGCSGFVFFPFIALAIPRKLWTVIFIILIIPILGPKFISMLKYGNYTLTEWMYDRADSLITGKKVGFDSLSDYSNKYKFERQEERRRQAEEAARASQEEMNRRFEEIFRGFSYTNFNQGDWQSYDTGSSYTNMTNDLGFKEKYERSCDTLGLNYQTDIYQVKLNYRKLAKKYHPDINKEEGATEKFQQINDAYEFLTEANINKYKSTYN
MSIIPSFFTSKRSNIFDPFSLDTWDPFQGIISTEPARETAAIVNARIDWKETPEAHVLKADLPGMKKEEVKVEVEDGRVLQISGERCREQEEKDDTWHRVERSSGKFIRRFRLPENAKMDEVKAMMENGVLTVVVPKEEEEKKPMVKAIDISG,MASSSALALRRLLSSSTVAVPRALRAVRPVSASSRLFNTNAARNYEDGVDRNHHSNRHVSRHGGDFFSDILDPFTPTRSLSQMLNFMDQVSEIPLVSATRGMGASGVRRGWNVKEKDDALHLRIDMPGLSREDVKLALEQNTLVIRGEGETEEGEDVSGDGRRFTSRIELPEKVYKTDEIKAEMKNGVLKVVIPKIKEDERNNIRHINVD
MSIIPSFFTSKRSNIFDPFSLDTWDPFQGIISTEPARETAAIVNARIDWKETPEAHVLKADLPGMKKEEVKVEVEDGRVLQISGERCREQEEKDDTWHRVERSSGKFIRRFRLPENAKMDEVKAMMENGVLTVVVPKEEEEKKPMVKAIDISG,MIASKFGIGQQVRHKLLGYLGVIIDIDPEYSLEKPTLDEITKNDTLRKSPWYHVVMEDEEGKPMHTYLAEVQLGYENILTHPEQTTLDELSESIRLQLQTPRLRN
MSIIPSFFTSKRSNIFDPFSLDTWDPFQGIISTEPARETAAIVNARIDWKETPEAHVLKADLPGMKKEEVKVEVEDGRVLQISGERCREQEEKDDTWHRVERSSGKFIRRFRLPENAKMDEVKAMMENGVLTVVVPKEEEEKKPMVKAIDISG,MSLIPRIFGDRRSSSMFDPFSIDVFDPFRELGFPGTNSGETSAFANTRIDWKETPEGHVFKADLPGLKKEEVKVEIEEDRVLQISGERNVEKEDKNDTWHRVERSSGKFMRRFRLPENAKMDQVKASMENEVLTVTVPKEQVKKPDVKSIEISG
MSIIPSFFTSKRSNIFDPFSLDTWDPFQGIISTEPARETAAIVNARIDWKETPEAHVLKADLPGMKKEEVKVEVEDGRVLQISGERCREQEEKDDTWHRVERSSGKFIRRFRLPENAKMDEVKAMMENGVLTVVVPKEEEEKKPMVKAIDISG,MGKLLGLWRKKAMMYDADSSFNKMKKREIIMKDYLVKGLAYNGQVRIIAARTVDTVGEAQHRHYTWPTASAALGRSMTFGVMLGSMLNNEDKLTIRINGGGDLGTILVDANANGKVRGYVTNPQTHFPLNSIGKLDVRRAVGTDGMVTISKNIGLQQPFVGQVPIISGELGEDFTYYLAQSEQIPSSVGVGVIVNPDNTIQAAGGFIIQALPGTAVEIIEEIEKRLDRIPTISAMVRDGLTPEEILTMVVGEGNVKILETQEVLFQCTCSKDRSTKVLVSLGSAELQDMIETDGQAETQCHFCNETYQFNKSELEAMLEQAV
MSIIPSFFTSKRSNIFDPFSLDTWDPFQGIISTEPARETAAIVNARIDWKETPEAHVLKADLPGMKKEEVKVEVEDGRVLQISGERCREQEEKDDTWHRVERSSGKFIRRFRLPENAKMDEVKAMMENGVLTVVVPKEEEEKKPMVKAIDISG,MDLRMIGLDSPLFSALQHMLDAADDSDKSVSAPTRTYVRDAKAMAATPADVKEYPNSYAFIIDMPGLKSGDIKVQVEDDNVLVISGGRKREEEKEGAKYVKMERRVGKFMRKFVLPENANTDKISAICQDGVLTVTVEKLPPPEPKKPKTIEVKIA
MSIIPSFFTSKRSNIFDPFSLDTWDPFQGIISTEPARETAAIVNARIDWKETPEAHVLKADLPGMKKEEVKVEVEDGRVLQISGERCREQEEKDDTWHRVERSSGKFIRRFRLPENAKMDEVKAMMENGVLTVVVPKEEEEKKPMVKAIDISG,MNKWVPSDVLEPIKRFLDGDLTMTPSIKVEQFVDGTTLVVRAEVPGIDPDKDVDVSVSEGMLHIKAEREEKTEHKSKDGYRSEFRYGSFTRSVALPPGAREEDITATYKDGVLEVRAPAPVTAPDVTAKKIRIDHT
MSIIPSFFTSKRSNIFDPFSLDTWDPFQGIISTEPARETAAIVNARIDWKETPEAHVLKADLPGMKKEEVKVEVEDGRVLQISGERCREQEEKDDTWHRVERSSGKFIRRFRLPENAKMDEVKAMMENGVLTVVVPKEEEEKKPMVKAIDISG,MASSIALRRLAASSASKLIRPVRSASVLPSSVGRSFNTDAHMTNYDDHDRSLDVDRRSDRSLSRSRDRYPGFGGNVFDPFSPTRSLSQVLNLMDQFMEDPFLAASRGVGAGSRRGWDVKEDDNALYLRMDMPGLSKDDVKVSVEQNTLIIKGEAAKESEDEEDRRRFSSRLDLPANLYELNSIKAEMKNGVLKVAVPKVKEEERKDVRHVTVE
MSIIPSFFTSKRSNIFDPFSLDTWDPFQGIISTEPARETAAIVNARIDWKETPEAHVLKADLPGMKKEEVKVEVEDGRVLQISGERCREQEEKDDTWHRVERSSGKFIRRFRLPENAKMDEVKAMMENGVLTVVVPKEEEEKKPMVKAIDISG,MAQKPEEDDKVRLDKWLWAARFFKTRALAKAAIESGKVHCRGERCKPGKEPRPGDEFQIRMGFDERTIVVEALSTVRGGAPEAQTLYSETPDSIAKRESAAAQRKAGNLGVTTDGKPTKKQRRELFGFRASHNND
MSIIPSFFTSKRSNIFDPFSLDTWDPFQGIISTEPARETAAIVNARIDWKETPEAHVLKADLPGMKKEEVKVEVEDGRVLQISGERCREQEEKDDTWHRVERSSGKFIRRFRLPENAKMDEVKAMMENGVLTVVVPKEEEEKKPMVKAIDISG,MSRIFLPALHSILDDFDNFSNFYNEENSVSKYSDYKIEENDNSYTIEMDMPGVRKEDLDIGIKENMLSIYAERKRMSKTDEKEEVVSKYEQSFNISVKGIDIENISANFENGVLTLTLPKKEEVKYEKKIEIA
MSIIPSFFTSKRSNIFDPFSLDTWDPFQGIISTEPARETAAIVNARIDWKETPEAHVLKADLPGMKKEEVKVEVEDGRVLQISGERCREQEEKDDTWHRVERSSGKFIRRFRLPENAKMDEVKAMMENGVLTVVVPKEEEEKKPMVKAIDISG,MSMFPRFTQEISPLFRLLDDYDRVTRTATPWAQGTQSIRSFTPKFDVAEKKDSYELHGELPGIAQKDVNIEWTDSNTLTISGRTEHHSERGQRPQGFVEGEEHGYQKPSVEDESQEKNKEVAKSNQNKEVGKPQEDIKFWVSERSVGEFHRSFSFPGRVDQDNVKASLKDGVLSIVVPKAQAPKARKINIE
MSIIPSFFTSKRSNIFDPFSLDTWDPFQGIISTEPARETAAIVNARIDWKETPEAHVLKADLPGMKKEEVKVEVEDGRVLQISGERCREQEEKDDTWHRVERSSGKFIRRFRLPENAKMDEVKAMMENGVLTVVVPKEEEEKKPMVKAIDISG,MSIVPINERRGSDDFDNLSSALDLWDPFTDFPFRAFPFHSPISNVFRDFNPFSSVNSRLDWRETRNAHVLTAALPAFANEEVLVSLEDERVLQISTDSGSFTTRMKLPDDARIEELKAFMSNGVLTVTVPKLAAAAGSRDVRVIEISGDD
MSIIPSFFTSKRSNIFDPFSLDTWDPFQGIISTEPARETAAIVNARIDWKETPEAHVLKADLPGMKKEEVKVEVEDGRVLQISGERCREQEEKDDTWHRVERSSGKFIRRFRLPENAKMDEVKAMMENGVLTVVVPKEEEEKKPMVKAIDISG,MSITRWDPWSEMMSLREAMDQLLRESFVRPATSMLRSGSLGMGIPLDVRETDDAYIVKATMPGVRPEDVSIQITGNTLQISGETREEYEQSEGAGEGRDRGTWLVRERRYGRFERTITLPTDVKADQAQATLEHGVLTLRLPKAEEARARRIPVQSGTGAQQIEAQSRPRS
MSIIPSFFTSKRSNIFDPFSLDTWDPFQGIISTEPARETAAIVNARIDWKETPEAHVLKADLPGMKKEEVKVEVEDGRVLQISGERCREQEEKDDTWHRVERSSGKFIRRFRLPENAKMDEVKAMMENGVLTVVVPKEEEEKKPMVKAIDISG,MRLDKYLKVSRIIKRRPVAKEVADKGRVKVNGVLAKSSTDLKLNDQVEIRFGNKLLTVKVLEMKDSTKKEDAIKMYEIINETRIETDEQA
MSIIPSFFTSKRSNIFDPFSLDTWDPFQGIISTEPARETAAIVNARIDWKETPEAHVLKADLPGMKKEEVKVEVEDGRVLQISGERCREQEEKDDTWHRVERSSGKFIRRFRLPENAKMDEVKAMMENGVLTVVVPKEEEEKKPMVKAIDISG,MKEKPVAAVRLDKWLWAARIYKTRALAREMIEGGKVHYNGQRSKPGKVVELNATLTIRQGNDERTIVVKDITEQRRPASEAVALYEETAESIEKREKMALARKMNALTMPHPDRRPDKKERRDLMRFKHGDSE
MSIIPSFFTSKRSNIFDPFSLDTWDPFQGIISTEPARETAAIVNARIDWKETPEAHVLKADLPGMKKEEVKVEVEDGRVLQISGERCREQEEKDDTWHRVERSSGKFIRRFRLPENAKMDEVKAMMENGVLTVVVPKEEEEKKPMVKAIDISG,MRTNFDFTPYRRSTVGFDRLFDLLETSARGDGDGYPPFDIVREGDDNYRIMLAVAGFRPDEIEIVAQQNLLTVAGRKTDEDDGRHYLHRGIATRSFERRFQLADFVEVRSASFEHGLLTIQLQRVVPEAMKPRRIEIAPSAAQPSGEPPEDDRKAA
MSIIPSFFTSKRSNIFDPFSLDTWDPFQGIISTEPARETAAIVNARIDWKETPEAHVLKADLPGMKKEEVKVEVEDGRVLQISGERCREQEEKDDTWHRVERSSGKFIRRFRLPENAKMDEVKAMMENGVLTVVVPKEEEEKKPMVKAIDISG,MAQKNEEDDKVRLDKWLWAARFYKTRALAKAAIESGKVHCRGERCKPGKEPRVGDEFVIRTGFEERTVVVQALSIVRRGAPEAQMLYAETEASIAKRENAAAERKAGALGVSTDGKPSKKQRRDLFKFRGSSNDG
MSIIPSFFTSKRSNIFDPFSLDTWDPFQGIISTEPARETAAIVNARIDWKETPEAHVLKADLPGMKKEEVKVEVEDGRVLQISGERCREQEEKDDTWHRVERSSGKFIRRFRLPENAKMDEVKAMMENGVLTVVVPKEEEEKKPMVKAIDISG,MGSLKQVMCAAVAVLLMSGVASAEEGFPFGTEMTLEALPQPGSKRIPNIEIGDNGEVVLELWCKGGKGQFSVAGNTVIFVPGQIQDRSCPPAKAQADDDLVAALAGTETWKRQGDVLTLIGPKPLRFRMNGN
MSIIPSFFTSKRSNIFDPFSLDTWDPFQGIISTEPARETAAIVNARIDWKETPEAHVLKADLPGMKKEEVKVEVEDGRVLQISGERCREQEEKDDTWHRVERSSGKFIRRFRLPENAKMDEVKAMMENGVLTVVVPKEEEEKKPMVKAIDISG,MMISSKFGIGQQVRHKLLGYLGVIVDIDAEYSLDQPEEDDIASNMNLRSAPWYHVVMEDDNGEPIHSYLAEAQITYEMDEDHPDNITMDELAESIRNQLQSPRLRN
MSIIPSFFTSKRSNIFDPFSLDTWDPFQGIISTEPARETAAIVNARIDWKETPEAHVLKADLPGMKKEEVKVEVEDGRVLQISGERCREQEEKDDTWHRVERSSGKFIRRFRLPENAKMDEVKAMMENGVLTVVVPKEEEEKKPMVKAIDISG,MRDFDLSPLYRSAIGFDRLASLLDNASRNEQSQPAYPPYNIELLDENHYRITMAVAGFDNSELNIKSEQDILIIVGQKQQDAADERKYLYQGIAARNFERRFQLADHVRVVKASMDKGLLHVDLVHEVPEAMKPRLIEIESMAS
MSIIPSFFTSKRSNIFDPFSLDTWDPFQGIISTEPARETAAIVNARIDWKETPEAHVLKADLPGMKKEEVKVEVEDGRVLQISGERCREQEEKDDTWHRVERSSGKFIRRFRLPENAKMDEVKAMMENGVLTVVVPKEEEEKKPMVKAIDISG,MLYPTYTRRSDPFALMRSMLRDFDRVSPSRLAQPVFPAVNVWQGDEAVAITAELPGVDPADIDISVKENVLTLSGERKAPEMPEGARWHRNERGFGKFVRSVRLPFVAADDKVEARMTNGVLRIVIGRPEEDKPRKIAIKAA
MSIIPSFFTSKRSNIFDPFSLDTWDPFQGIISTEPARETAAIVNARIDWKETPEAHVLKADLPGMKKEEVKVEVEDGRVLQISGERCREQEEKDDTWHRVERSSGKFIRRFRLPENAKMDEVKAMMENGVLTVVVPKEEEEKKPMVKAIDISG,MDAWRDGEQFIVEFDLPGIDEQSLDLDIERNVVTVRAERPDVDPGREMLATERPRGVFSRQLVLGDNLDTDRIEATYTDGVLRLRIPVAEKAKPRKIAVSRNGQAAVNA
MSIIPSFFTSKRSNIFDPFSLDTWDPFQGIISTEPARETAAIVNARIDWKETPEAHVLKADLPGMKKEEVKVEVEDGRVLQISGERCREQEEKDDTWHRVERSSGKFIRRFRLPENAKMDEVKAMMENGVLTVVVPKEEEEKKPMVKAIDISG,MALVRWDPFREIDEIQREMNRMFDRLIPRTTEADGFAFMPAVEMHDDPETITLKLELPGLNPNDLDIQATAEAVSITGERRFEKRSEDKGVTRTEFRYGRFQRVIPLPNRIKHDQVKAEYKDGILTLTLPKADSEKAQVVKVSVVS
MSIIPSFFTSKRSNIFDPFSLDTWDPFQGIISTEPARETAAIVNARIDWKETPEAHVLKADLPGMKKEEVKVEVEDGRVLQISGERCREQEEKDDTWHRVERSSGKFIRRFRLPENAKMDEVKAMMENGVLTVVVPKEEEEKKPMVKAIDISG,MIELLFLLLPVAAGYGWIMGKNSAKNQAHQLNRQITSEYSKGLKFLLDREEDQGLEHLINLLEVAADSVEHYSTLATMFRRRGELDRAIKIHELLLKHPSLDEQQAATSRLELAEDYIMAGLLDGAEEHLVWLVKAGNKDALEPIINLYSQTREWEKGINMYEAHSDLFTKPQHIKAIANFYCEAALQDNDTQIMRKAISLNHKAIRPLYELGHSAFIKEDYVKAIYYWRELICQFTFFAPVFVEQLAISYEKLNLTHQFHELLNELLDKGGVLIKIKHCQALLEQGHIDQAIKFLTDSLKRHPTIRGFSFLLQLLAKQNNDIKDVLDQIDKLVTSYIATKPDFQCQHCGFTSHTIYWVCPSCKHWETIVPSRGIDGF
MSIIPSFFTSKRSNIFDPFSLDTWDPFQGIISTEPARETAAIVNARIDWKETPEAHVLKADLPGMKKEEVKVEVEDGRVLQISGERCREQEEKDDTWHRVERSSGKFIRRFRLPENAKMDEVKAMMENGVLTVVVPKEEEEKKPMVKAIDISG,MGAGAVRRRRAAHSGSRSLSRASRLFRPTRPGLSSRAEAQPWSRPTGPTPALSPATPRDPGPSRVDGDLKAVNLLGAEELVLARRVWAGQVREALPPAAVQDLPLAPHLSPRSRPRLHPQMRCTRSRVSNDRGVASPGPSAALPEPDPGTTLPVGLLTDTSAAEQDSDRAQGFQVKMDAHSFGPEELLLRVDGHSLVAGQRLEEHCDPRGSSYRLKQVYRQMQLPGHLEPAAATCSLTPSGQLWVRGPCRPLPLPEAPPDPFPSLPSQGSKKGPRPD
MSIIPSFFTSKRSNIFDPFSLDTWDPFQGIISTEPARETAAIVNARIDWKETPEAHVLKADLPGMKKEEVKVEVEDGRVLQISGERCREQEEKDDTWHRVERSSGKFIRRFRLPENAKMDEVKAMMENGVLTVVVPKEEEEKKPMVKAIDISG,MSLVKWNENKGALPGFSGWLDDFWSRDLFNWGNKNFSSTQTTLPSVNVKETDGNYEVEVAAPGMDKKDFHITLDGNLLTISSEKQTNNEEEKANYTRREFSYQSFQRTFQLPKDVVDEESIQAKYENGVLQLTIPKKEEARKKVPKKIEVQ
MSIIPSFFTSKRSNIFDPFSLDTWDPFQGIISTEPARETAAIVNARIDWKETPEAHVLKADLPGMKKEEVKVEVEDGRVLQISGERCREQEEKDDTWHRVERSSGKFIRRFRLPENAKMDEVKAMMENGVLTVVVPKEEEEKKPMVKAIDISG,MNTANIDDKNPTPDLAEDNAFFPSPYSLSQYTAPKTDYDGTTYSTPYAGNKKVLMIATDERYIQMQNGKFFSTGNHPVEMLLPMFHLDNAGFEIDVATLSGNPAKLEMWAMPKQEQVVLDTFQKYADKLKNPLKLTDILENAVGENSPYAAVFIPGGHGVLAKIPHSLEVKKVLKWAVEQDKFIITLCHGPASLLAAAVDEQPENYIFKGYQICVFPDSLDKGANIDIGYMPGALPWLVGENLEKLGVEILNKGITGQCHRDRKLLTGDSPLASNNLGKLAAETLLAEVKD
MSIIPSFFTSKRSNIFDPFSLDTWDPFQGIISTEPARETAAIVNARIDWKETPEAHVLKADLPGMKKEEVKVEVEDGRVLQISGERCREQEEKDDTWHRVERSSGKFIRRFRLPENAKMDEVKAMMENGVLTVVVPKEEEEKKPMVKAIDISG,MTHTWDLYLPHAVGLNDMFHRLDSMTNHNKNYPPYNLIKHDASNYEIQIALAGFKREEIEVSTESNILKVTSNTTRQDTETEYLHKGVSRRSFANTWQLGDDVRVVDVTFEDGMLVVSLEKIIPDHMKRTTYEVK
MSIIPSFFTSKRSNIFDPFSLDTWDPFQGIISTEPARETAAIVNARIDWKETPEAHVLKADLPGMKKEEVKVEVEDGRVLQISGERCREQEEKDDTWHRVERSSGKFIRRFRLPENAKMDEVKAMMENGVLTVVVPKEEEEKKPMVKAIDISG,MATIPAMLSLINDMDRLTTAISPYYHSYNWPMSRQLALGKPERSISPLVGKDGFQVSMDVAHFKPSELTVKVVDNSIVVEGKHEEREDDHGYISRHFLRRYTLPKGYDANKVMSSLSSDGVLTVMAPKPQLEDKSNERHIQIQQTGPAHLNVKDNTEEKKK
MSIIPSFFTSKRSNIFDPFSLDTWDPFQGIISTEPARETAAIVNARIDWKETPEAHVLKADLPGMKKEEVKVEVEDGRVLQISGERCREQEEKDDTWHRVERSSGKFIRRFRLPENAKMDEVKAMMENGVLTVVVPKEEEEKKPMVKAIDISG,MAQKPEEDDKVRLDKWLWAARFYKTRALAKAAIESGKVHCRGERCKPGKEPRVGDEFVLRTGFDERTVVVKALSVVRRGAPEAQALYEETAQSIARREQAAAMRKAGALGVSTDGRPTKKQRRQLHQLHDSAG
MSIIPSFFTSKRSNIFDPFSLDTWDPFQGIISTEPARETAAIVNARIDWKETPEAHVLKADLPGMKKEEVKVEVEDGRVLQISGERCREQEEKDDTWHRVERSSGKFIRRFRLPENAKMDEVKAMMENGVLTVVVPKEEEEKKPMVKAIDISG,MNTAFIVTLHLYIGLCPVTTRSRRRIKHLKMRKIDLCLSSEGAEVILATSSDEKHPPENMIDGNPETFWTTTGMFPQEFIICFHKHVRIERLIIQSYFVRTLKIEKSTSKEPVDFEPWIERDLVHTEGQLQNEEIMARDGHATYLRFIIISAFDHFASVHSVSAEGITVSSLP
MSIIPSFFTSKRSNIFDPFSLDTWDPFQGIISTEPARETAAIVNARIDWKETPEAHVLKADLPGMKKEEVKVEVEDGRVLQISGERCREQEEKDDTWHRVERSSGKFIRRFRLPENAKMDEVKAMMENGVLTVVVPKEEEEKKPMVKAIDISG,MSELILWMDREINKMRRDVDRLFKESWPEIGVGIFKAKVSQQIPIETYMTEDSFIVRAILPGIDPQSLDISVTDYQLNIKGSRKEESETDDGYSRHMQRKLRSFYRSVPLPFKVASENIKATLKMDVLTIKMTKADPQKKRYIKIEFA
MSIIPSFFTSKRSNIFDPFSLDTWDPFQGIISTEPARETAAIVNARIDWKETPEAHVLKADLPGMKKEEVKVEVEDGRVLQISGERCREQEEKDDTWHRVERSSGKFIRRFRLPENAKMDEVKAMMENGVLTVVVPKEEEEKKPMVKAIDISG,MANDMVNWHNDLFDRLNDWTKMDDLVNGFGRTFLNAGSHGSVLKTDIKENDDQYTMKVDVPGIDKQNIALKYRDGTLSIAVKRDSISDESDKDGNIIASERQTGRFGRQYSLPDVDVDKIEARYENGVLQLTLPKKAAADTHHIEIQ
MSIIPSFFTSKRSNIFDPFSLDTWDPFQGIISTEPARETAAIVNARIDWKETPEAHVLKADLPGMKKEEVKVEVEDGRVLQISGERCREQEEKDDTWHRVERSSGKFIRRFRLPENAKMDEVKAMMENGVLTVVVPKEEEEKKPMVKAIDISG,MKTSSDSLRRFLFEHAPIRGEIVRLDAVWQSVIERHNYPAVLRDLMGELCAATALLAATLKLQGSMVLQIHGKGAVKLLVVECSGDLEMRATAKWEGDLAQGTLQDLVGGDGRFVITLDPKDGNQAYQGIVALEGDSIAEILQNYMTRSEQLETRLWLAADGKHAAGMLLQKLPAQAELHDDDPWERAVLIANTLKPEELLNVPASELVHFLYHEEDIRLFDAQEVVFRCTCSRENVGRMLRMLGREEVDSILAERGDVEVHCEFCNQRYVFDRVDADAVFADIIVMAASDTRH
MSIIPSFFTSKRSNIFDPFSLDTWDPFQGIISTEPARETAAIVNARIDWKETPEAHVLKADLPGMKKEEVKVEVEDGRVLQISGERCREQEEKDDTWHRVERSSGKFIRRFRLPENAKMDEVKAMMENGVLTVVVPKEEEEKKPMVKAIDISG,MSLIPLLFSDWWEDLDRPHRLLDQNFGLGIYPEQLLNSNILDQYILPNRNQRLRNPLIYYRPWGELLRKNEGGGTSTVKADKDKFQVILDVQQFKPDEINVKIVDKCVVVEGKHEEKQDEHGWISRQFTRRYMIPEQCDIDQVTSSLSSDGVLNITAPRKEQPKIQSERNITIEQTGKPALKENTEEKKEEKTEEKKEEN
MSIIPSFFTSKRSNIFDPFSLDTWDPFQGIISTEPARETAAIVNARIDWKETPEAHVLKADLPGMKKEEVKVEVEDGRVLQISGERCREQEEKDDTWHRVERSSGKFIRRFRLPENAKMDEVKAMMENGVLTVVVPKEEEEKKPMVKAIDISG,MAMIPSFFNNRRGGSIFDSFSAFDIWDPLKEFPFTSTSNSLLSRENSAFVNTRIDWKETPEAHVFKADLPGLKKEEVKVEIEDDRVLQISGERNVEKEDKNDAWHRVERSSGKFLRRFRLPENAKMDQVKASMENGVLTVTVPKEEIKKPDVKAIEISG
MSIIPSFFTSKRSNIFDPFSLDTWDPFQGIISTEPARETAAIVNARIDWKETPEAHVLKADLPGMKKEEVKVEVEDGRVLQISGERCREQEEKDDTWHRVERSSGKFIRRFRLPENAKMDEVKAMMENGVLTVVVPKEEEEKKPMVKAIDISG,MALRTLSALPVFADSLFSDRFNRIDRLFSQLTGDTPVTATPAYDLQKRDANNYLLTVSVPGWKEEELEIETVGGNLNITGKHTEETVEDQTHWIYRGIRKADFQLSFSLPEYAKVNNAKLEQGLLLVEIYQEIPESEKPKKIAIESKPKAIEHKS
MSIIPSFFTSKRSNIFDPFSLDTWDPFQGIISTEPARETAAIVNARIDWKETPEAHVLKADLPGMKKEEVKVEVEDGRVLQISGERCREQEEKDDTWHRVERSSGKFIRRFRLPENAKMDEVKAMMENGVLTVVVPKEEEEKKPMVKAIDISG,MTSRDLSIFNTLRPFSIGFDDMFDQFENMLGNGGLTMQSNYPPYNIRKTGKDNYAIEVALAGFNKNDVEVEFEDNLLTVRTKQVDKSEDKSHDGEIIHKGISQRQFARSFTIAEDVKVNGAELKDGLLTIACERIVPEYKKKKLIEIK
MSIIPSFFTSKRSNIFDPFSLDTWDPFQGIISTEPARETAAIVNARIDWKETPEAHVLKADLPGMKKEEVKVEVEDGRVLQISGERCREQEEKDDTWHRVERSSGKFIRRFRLPENAKMDEVKAMMENGVLTVVVPKEEEEKKPMVKAIDISG,MSLIPSTFGGRRTNVFDPFSLDVWDPFEGFLSQANAQANKDVAAFTNAKVDWRETPEAHVFKADLPGIKKEEVKVEVEDGNILQISGERSSENEEKSDKWHRVERSSGKFMRRFRLPENAKVDEVKASMENGVLSVTVPKVPEKKPEVKSIDISG
MSIIPSFFTSKRSNIFDPFSLDTWDPFQGIISTEPARETAAIVNARIDWKETPEAHVLKADLPGMKKEEVKVEVEDGRVLQISGERCREQEEKDDTWHRVERSSGKFIRRFRLPENAKMDEVKAMMENGVLTVVVPKEEEEKKPMVKAIDISG,MKKILLSVFTVLFLGLIFNCSTVKVNSPHIQREWMLVSFGNFTKNELIKNKAGINLTTPQENGKIRGSAFMGCNNMFFSSEFKNDGKVKISGVGGTMKACQNMNLETKFSKSFQNMTKYSVEGHFLTLSDDAGNSMKFVAADWD
MSIIPSFFTSKRSNIFDPFSLDTWDPFQGIISTEPARETAAIVNARIDWKETPEAHVLKADLPGMKKEEVKVEVEDGRVLQISGERCREQEEKDDTWHRVERSSGKFIRRFRLPENAKMDEVKAMMENGVLTVVVPKEEEEKKPMVKAIDISG,MSLMRRGRDWWDWPFDINLKNLPSILDVNFPSFSGLFSRPRVDITESETEIVATAELPGVDKKDIEINVYDNILEIKGQTTVDEEREDKNYYMRERYYGSFARRIELPAEVDPEKTTAKFENGILKITMPKLHPSKPKGRKIDIE
MSIIPSFFTSKRSNIFDPFSLDTWDPFQGIISTEPARETAAIVNARIDWKETPEAHVLKADLPGMKKEEVKVEVEDGRVLQISGERCREQEEKDDTWHRVERSSGKFIRRFRLPENAKMDEVKAMMENGVLTVVVPKEEEEKKPMVKAIDISG,MTVQTSKNPQVDIAEDNAFFPSEYSLSQYTSPVSDLDGVDYPKPYRGKHKILVIAADERYLPTDNGKLFSTGNHPIETLLPLYHLHAAGFEFEVATISGLMTKFEYWAMPHKDEKVMPFFEQHKSLFRNPKKLADVVVSLNADSEYAAIFVPGGHGALIGLPESQDVAAALQWAIKNDRFVISLCHGPSAFLALRHGDNPLNGYSICAFPDAADKQTPEIGYMPGHLTWYFGEELKKMGMNIINDDITGRVHKDRKVLTGDSPFAANALGKLAAQEMLAAYAG
MSIIPSFFTSKRSNIFDPFSLDTWDPFQGIISTEPARETAAIVNARIDWKETPEAHVLKADLPGMKKEEVKVEVEDGRVLQISGERCREQEEKDDTWHRVERSSGKFIRRFRLPENAKMDEVKAMMENGVLTVVVPKEEEEKKPMVKAIDISG,MRNSFDWTPYRRSTVGFDRLFDFLETGGSGAENYPPFDIEKVADDHFRITVAVAGFKSDEIDITAQQNMLTVSGRKAPVAEGEGRQLLYSGIATRAFERRFQLADFVRVDSADLADGLLVIDLVREVPEAMKPHKIAIGAAQPTIVDKKAA
MSIIPSFFTSKRSNIFDPFSLDTWDPFQGIISTEPARETAAIVNARIDWKETPEAHVLKADLPGMKKEEVKVEVEDGRVLQISGERCREQEEKDDTWHRVERSSGKFIRRFRLPENAKMDEVKAMMENGVLTVVVPKEEEEKKPMVKAIDISG,MADGQMPFSCHYPSRLRRDPFRDSPLSSRLLDDGFGMDPFPDDLTASWPDWALPRLSSAWPGTLRSGTVPRGPTATARFGVPAEGRTPPPFPGEPWKVCVNVHSFKPEELMVKTKDGYVEVSGKHEEKQQEGGIVSKNFTKKIQLPAEVDPVTVFASLSPEGLLIIEAPQVPPYSTFGESSFNNELPQDSQEVTCT
MSIIPSFFTSKRSNIFDPFSLDTWDPFQGIISTEPARETAAIVNARIDWKETPEAHVLKADLPGMKKEEVKVEVEDGRVLQISGERCREQEEKDDTWHRVERSSGKFIRRFRLPENAKMDEVKAMMENGVLTVVVPKEEEEKKPMVKAIDISG,MFFAPVMSRNTFVSPRAADLALQRFLQETLGAASPVQRQVQVSRDDKFTTLTLDVPGLTREQLKLSLEGTVAKLESVEGAPRQVRYSWDLGHEIDAANSKAKLEHGVLSLTLAKLEPQSKAVTLSIE
MSIIPSFFTSKRSNIFDPFSLDTWDPFQGIISTEPARETAAIVNARIDWKETPEAHVLKADLPGMKKEEVKVEVEDGRVLQISGERCREQEEKDDTWHRVERSSGKFIRRFRLPENAKMDEVKAMMENGVLTVVVPKEEEEKKPMVKAIDISG,MEEVTIKHWIETPVRYQNEFAIRGLEECKLDHSLFALPGPSQSHIKNNQLTKGEASEARKGNGNESKSYFQVLLDVVQFCPEDIIIQIFEGWLLIKAQHGPRMDEHGFISRSFTRQYKLPDGLQAKDLSAFFCHDGILIVEAKGLAEI
MSIIPSFFTSKRSNIFDPFSLDTWDPFQGIISTEPARETAAIVNARIDWKETPEAHVLKADLPGMKKEEVKVEVEDGRVLQISGERCREQEEKDDTWHRVERSSGKFIRRFRLPENAKMDEVKAMMENGVLTVVVPKEEEEKKPMVKAIDISG,MRLRQILQGLDQQDQSDHGGWTPAVDIYETDTEVVLVVEAAGVSVDNFKVIVDGEVVRVYGTRQATCSEPGAKFHRMEIHSGAFVRSFRIKVPFLADGVRAKADDGILRVRLPKAPLCHKVIVDMA
MSIIPSFFTSKRSNIFDPFSLDTWDPFQGIISTEPARETAAIVNARIDWKETPEAHVLKADLPGMKKEEVKVEVEDGRVLQISGERCREQEEKDDTWHRVERSSGKFIRRFRLPENAKMDEVKAMMENGVLTVVVPKEEEEKKPMVKAIDISG,MSLISWNPFREVDSISRDMETFFERSPFGFFSRATAPRVDVFETEKDVVVKAEIPGVSKEDLNVYVDENSIRLSGETKRDTEYKNEHIYRTERYYGSFSRTIPLPVEVKSEQAKAEYKDGILTVTVPKVETTQMKGKKIDIH
MSIIPSFFTSKRSNIFDPFSLDTWDPFQGIISTEPARETAAIVNARIDWKETPEAHVLKADLPGMKKEEVKVEVEDGRVLQISGERCREQEEKDDTWHRVERSSGKFIRRFRLPENAKMDEVKAMMENGVLTVVVPKEEEEKKPMVKAIDISG,MSLIPNSRRGSSSVFDPFSLNLWDPFKDFPFPSSSSLSAFPEFSRENSAFVNTRVDWKETPEAHVFKADVPGLKKEEVKVEVEDDRVLKISGERNVEKEDKNDKWHRVERSSGKFLRRFQLPENAKVDQIKAAMENGVLSVTVPKAELKNVDVRAIEISG
MSIIPSFFTSKRSNIFDPFSLDTWDPFQGIISTEPARETAAIVNARIDWKETPEAHVLKADLPGMKKEEVKVEVEDGRVLQISGERCREQEEKDDTWHRVERSSGKFIRRFRLPENAKMDEVKAMMENGVLTVVVPKEEEEKKPMVKAIDISG,MSTAFSLAPLFRSSVGFDRFNDLFETALRNEPGSTYPPYNVEKHGDDQYRIVVAAAGFQEEDLELQVEKGVLTISGGKRDANEGVTFLHQGIAQRAFKLSFRLADHIEIKAAGLSNGLLSIDLLRVIPEEAKAKRIPINGTQKPALQH
MSIIPSFFTSKRSNIFDPFSLDTWDPFQGIISTEPARETAAIVNARIDWKETPEAHVLKADLPGMKKEEVKVEVEDGRVLQISGERCREQEEKDDTWHRVERSSGKFIRRFRLPENAKMDEVKAMMENGVLTVVVPKEEEEKKPMVKAIDISG,MRHLDFSPLYRSTVGFDRLFSMLDSAGSEAPSYPPYNIERTGENTYRITMAVAGFTDDELSVEAREHVLTIKGEKVEDESEQEILYRGIASRTFERRFQIAEHVRVEGASLENGLLHVDLIREIPEAMKPRKIEISSGAAKQIETTAH
MSIIPSFFTSKRSNIFDPFSLDTWDPFQGIISTEPARETAAIVNARIDWKETPEAHVLKADLPGMKKEEVKVEVEDGRVLQISGERCREQEEKDDTWHRVERSSGKFIRRFRLPENAKMDEVKAMMENGVLTVVVPKEEEEKKPMVKAIDISG,MFEMMPFRKNDLARHDDFFSPFLRNFFNDDFFTEMSNAHKNFNVDLKETDENYLIEADLPGTKKEDISIDFHNNYLVINAKRQESVENKKENYVRRERHYGEFKRSFYIDDADENKIDASFNNGVLKITIPKTNQDNNKRKKIEIH
MSIIPSFFTSKRSNIFDPFSLDTWDPFQGIISTEPARETAAIVNARIDWKETPEAHVLKADLPGMKKEEVKVEVEDGRVLQISGERCREQEEKDDTWHRVERSSGKFIRRFRLPENAKMDEVKAMMENGVLTVVVPKEEEEKKPMVKAIDISG,MMIASKFGIGQQVRHSLLGYLGVVVDIDAEYSLEQPQENDIASNATLRSAPWYHVVMEGDDGQPIHTYLAEAQLTYEISDDHPEQPSMDELAESIRSQLQAPRLRN
MSIIPSFFTSKRSNIFDPFSLDTWDPFQGIISTEPARETAAIVNARIDWKETPEAHVLKADLPGMKKEEVKVEVEDGRVLQISGERCREQEEKDDTWHRVERSSGKFIRRFRLPENAKMDEVKAMMENGVLTVVVPKEEEEKKPMVKAIDISG,MAQKMEEDDKVRLDKWLWAARFFKTRALAKAAIESGKVHCRGERCKPGKEPRIGDEFQIRMGFDDRTVVVEALSIVRRGAPEAQTLYHETPESIARREHAAAQRKAGNLGVTTDGKPTKKQRRELFGFRASQNND
MSIIPSFFTSKRSNIFDPFSLDTWDPFQGIISTEPARETAAIVNARIDWKETPEAHVLKADLPGMKKEEVKVEVEDGRVLQISGERCREQEEKDDTWHRVERSSGKFIRRFRLPENAKMDEVKAMMENGVLTVVVPKEEEEKKPMVKAIDISG,MDIDFKKLAPWNWFKNEQQEQQTASSLPVQRNDLPAASGSVSPILQLHREIDRLFDDAFRGFGFPALNMPQWPSDWSGMLKPALDIQETDKQYKIALEVPGVEEKDIQITLDNDVLMVRGEKRQEQEKKEGGFHRVERSYGSFQRALNLPDDANQDSIKASFKNGVLTVTIDKREVSAPKQGRSIPING
